{"stat.craftItem.sky_orchards.sapling_sand":1,"stat.pickup.minecraft.wooden_slab":4,"stat.leaveGame":6,"stat.mineBlock.sky_orchards.leaves_gravel":113,"stat.pickup.minecraft.flint":4,"stat.pickup.sky_orchards.resin_dirt":185,"stat.pickup.rustic.crushing_tub":2,"stat.craftItem.sky_orchards.sapling_petrified":1,"stat.useItem.rustic.crushing_tub":1,"stat.drop.minecraft.cobblestone":9,"stat.mineBlock.morecauldrons.oak_cauldron":2,"stat.mineBlock.sky_orchards.log_dirt":39,"stat.useItem.sky_orchards.sapling_bone":1,"stat.useItem.minecraft.stone_slab2":14,"stat.drop.sky_orchards.sapling_petrified":1,"stat.craftItem.sky_orchards.sapling_gravel":1,"stat.pickup.sky_orchards.sapling_dirt":234,"stat.craftItem.minecraft.bone_block":1,"stat.craftItem.sky_orchards.sapling_bone":1,"stat.mineBlock.sky_orchards.leaves_dirt":575,"stat.mineBlock.minecraft.wooden_slab":1,"stat.flyOneCm":32455,"stat.pickup.minecraft.glass_bottle":1,"stat.pickup.sky_orchards.resin_petrified":83,"stat.craftItem.minecraft.wooden_slab":6,"stat.pickup.sky_orchards.sapling_petrified":107,"stat.timeSinceDeath":10467,"stat.pickup.minecraft.wooden_axe":1,"stat.furnaceInteraction":3,"stat.useItem.sky_orchards.sapling_clay":5,"stat.mineBlock.sky_orchards.leaves_clay":203,"stat.useItem.sky_orchards.sapling_petrified":11,"stat.drop.sky_orchards.acorn_dirt":1,"stat.pickup.sky_orchards.acorn_dirt":96,"stat.sprintOneCm":29145,"stat.craftItem.minecraft.stick":60,"stat.craftItem.minecraft.wooden_axe":2,"stat.mineBlock.sky_orchards.leaves_petrified":592,"stat.pickup.minecraft.potion":17,"stat.drop.sky_orchards.sapling_sand":1,"stat.pickup.inspirations.wooden_crook":1,"stat.deaths":4,"stat.drop":43,"stat.playOneMinute":60120,"stat.pickup.tconstruct.rack":1,"stat.craftItem.sky_orchards.sapling_clay":1,"stat.craftItem.minecraft.dye":9,"stat.chestOpened":20,"stat.mineBlock.sky_orchards.leaves_bone":113,"stat.pickup.sky_orchards.acorn_petrified":57,"stat.useItem.inspirations.wooden_crook":1618,"stat.pickup.sky_orchards.resin_sand":7,"stat.pickup.sky_orchards.resin_clay":46,"stat.jump":334,"stat.useItem.sky_orchards.sapling_gravel":1,"stat.fallOneCm":175397,"stat.crouchOneCm":19530,"stat.mineBlock.sky_orchards.log_sand":4,"stat.craftItem.minecraft.chest":1,"stat.pickup.bonsaitrees.bonsaipot":1,"stat.craftingTableInteraction":34,"stat.mineBlock.sky_orchards.leaves_sand":58,"stat.pickup.sky_orchards.resin_bone":24,"stat.pickup.sky_orchards.sapling_sand":10,"stat.mineBlock.tconstruct.rack":1,"stat.damageTaken":1236,"stat.pickup.minecraft.dye":4,"stat.pickup.minecraft.planks":1,"stat.drop.rustic.crushing_tub":2,"stat.pickup.sky_orchards.sapling_clay":73,"stat.pickup.statues.blockplayerstatue":2,"stat.damageDealt":33,"stat.mineBlock.sky_orchards.log_bone":11,"stat.craftItem.minecraft.gravel":3,"stat.pickup.sky_orchards.acorn_bone":14,"stat.drop.minecraft.stick":1,"stat.walkOneCm":145804,"stat.playerKills":1,"stat.pickup.advancementbook.advancement_book":1,"stat.pickup.sky_orchards.sapling_bone":26,"stat.craftItem.inspirations.wooden_crook":14,"stat.pickup.sky_orchards.acorn_clay":26,"stat.drop.bonsaitrees.bonsaipot":1,"stat.pickup.minecraft.log":170,"stat.mineBlock.sky_orchards.log_gravel":12,"stat.drop.inspirations.wooden_crook":12,"stat.pickup.sky_orchards.resin_gravel":18,"stat.craftItem.rustic.crushing_tub":2,"stat.pickup.sky_orchards.acorn_gravel":39,"stat.pickup.sky_orchards.acorn_sand":14,"stat.pickup.sky_orchards.sapling_gravel":14,"stat.useItem.xlfoodmod.donut":1,"stat.drop.sky_orchards.sapling_dirt":13,"stat.craftItem.minecraft.planks":36,"stat.craftItem.minecraft.dirt":2,"stat.pickup.morecauldrons.oak_cauldron":2,"stat.mineBlock.sky_orchards.log_clay":19,"stat.pickup.minecraft.torch":1,"stat.sneakTime":5865,"stat.useItem.minecraft.wooden_axe":105,"stat.craftItem.minecraft.cobblestone":9,"stat.useItem.sky_orchards.sapling_dirt":8,"stat.mineBlock.sky_orchards.log_petrified":55,"stat.drop.minecraft.wooden_axe":2}