{"stat.chestOpened":14,"stat.pickup.minecraft.wooden_slab":30,"stat.useItem.bonsaitrees.bonsaipot":3,"stat.pickup.sky_orchards.resin_dirt":126,"stat.useItem.inspirations.wooden_crook":463,"stat.useItem.minecraft.clay":8,"stat.pickup.sky_orchards.resin_sand":5,"stat.pickup.sky_orchards.resin_clay":44,"stat.jump":287,"stat.craftItem.tconstruct.rack":8,"stat.pickup.rustic.crushing_tub":2,"stat.fallOneCm":271569,"stat.useItem.minecraft.planks":44,"stat.craftItem.bonsaitrees.bonsaipot":7,"stat.drop.minecraft.diamond_sword":1,"stat.mineBlock.morecauldrons.oak_cauldron":1,"stat.crouchOneCm":43436,"stat.mineBlock.sky_orchards.log_dirt":33,"stat.pickup.chineseworkshop.upper_door_frame":3,"stat.pickup.minecraft.dirt":2,"stat.useItem.minecraft.stone_slab2":33,"stat.mineBlock.chineseworkshop.upper_door_frame":3,"stat.pickup.bonsaitrees.bonsaipot":1,"stat.craftingTableInteraction":35,"stat.drop.sky_orchards.sapling_petrified":1,"stat.craftItem.minecraft.furnace":1,"stat.pickup.sky_orchards.resin_bone":8,"stat.pickup.sky_orchards.sapling_sand":1,"stat.pickup.sky_orchards.sapling_dirt":138,"stat.damageTaken":983,"stat.mineBlock.minecraft.torch":8,"stat.mineBlock.sky_orchards.leaves_dirt":234,"stat.pickup.minecraft.cobblestone":9,"stat.mineBlock.minecraft.wooden_slab":228,"stat.pickup.minecraft.planks":9,"stat.mineBlock.minecraft.clay":10,"stat.pickup.minecraft.diamond_leggings":1,"stat.flyOneCm":36399,"stat.pickup.minecraft.oak_stairs":4,"stat.mineBlock.sky_orchards.sapling_petrified":1,"stat.craftItem.minecraft.wooden_slab":414,"stat.drop.rustic.crushing_tub":2,"stat.pickup.sky_orchards.resin_petrified":8,"stat.pickup.sky_orchards.sapling_clay":40,"stat.pickup.statues.blockplayerstatue":3,"stat.damageDealt":179,"stat.pickup.sky_orchards.sapling_petrified":10,"stat.timeSinceDeath":14227,"stat.craftItem.minecraft.oak_stairs":20,"stat.mineBlock.minecraft.dirt":1,"stat.drop.minecraft.log":4,"stat.useItem.minecraft.wooden_slab":378,"stat.craftItem.minecraft.wooden_pickaxe":1,"stat.pickup.sky_orchards.acorn_bone":2,"stat.walkOneCm":132425,"stat.playerKills":1,"stat.pickup.sky_orchards.leaves_clay":3,"stat.pickup.minecraft.stick":9,"stat.pickup.minecraft.wooden_axe":1,"stat.pickup.sky_orchards.sapling_bone":10,"stat.useItem.minecraft.log":24,"stat.useItem.minecraft.oak_stairs":16,"stat.pickup.minecraft.clay_ball":40,"stat.craftItem.minecraft.crafting_table":1,"stat.craftItem.inspirations.wooden_crook":6,"stat.furnaceInteraction":13,"stat.pickup.sky_orchards.acorn_clay":32,"stat.pickup.sky_orchards.leaves_sand":1,"stat.useItem.tconstruct.rack":7,"stat.useItem.sky_orchards.sapling_clay":2,"stat.craftItem.morecauldrons.oak_cauldron":2,"stat.drop.bonsaitrees.bonsaipot":1,"stat.pickup.minecraft.log":186,"stat.drop.sky_orchards.acorn_gravel":12,"stat.drop.inspirations.wooden_crook":3,"stat.pickup.sky_orchards.resin_gravel":4,"stat.useItem.tconstruct.edible":1,"stat.pickup.sky_orchards.acorn_gravel":17,"stat.mineBlock.sky_orchards.leaves_clay":236,"stat.craftItem.minecraft.stone_slab2":0,"stat.drop.minecraft.planks":1,"stat.pickup.sky_orchards.acorn_dirt":36,"stat.sprintOneCm":21551,"stat.pickup.sky_orchards.sapling_gravel":10,"stat.craftItem.minecraft.stick":48,"stat.craftItem.minecraft.wooden_axe":7,"stat.useItem.xlfoodmod.donut":1,"stat.drop.minecraft.potion":1,"stat.drop.sky_orchards.sapling_dirt":17,"stat.drop.tconstruct.rack":1,"stat.useItem.carryon.tile_item":2,"stat.craftItem.minecraft.planks":340,"stat.craftItem.chineseworkshop.upper_door_frame":1,"stat.pickup.minecraft.diamond_helmet":1,"stat.pickup.morecauldrons.oak_cauldron":1,"stat.craftItem.minecraft.dirt":9,"stat.pickup.minecraft.diamond_chestplate":1,"stat.pickup.minecraft.diamond_boots":1,"stat.mineBlock.minecraft.log":1,"stat.mineBlock.sky_orchards.log_clay":20,"stat.mineBlock.minecraft.oak_stairs":4,"stat.deaths":3,"stat.mineBlock.minecraft.planks":27,"stat.drop":16,"stat.playOneMinute":65873,"stat.pickup.tconstruct.rack":1,"stat.pickup.minecraft.torch":7,"stat.sneakTime":11502,"stat.useItem.minecraft.wooden_axe":291,"stat.craftItem.minecraft.brick":35,"stat.craftItem.minecraft.clay":10,"stat.useItem.sky_orchards.sapling_dirt":5,"stat.drop.minecraft.wooden_axe":2}