{"stat.mineBlock.sky_orchards.log_coal":11,"stat.craftItem.sky_orchards.sapling_cottonwood":1,"stat.craftItem.sky_orchards.sapling_sand":1,"stat.pickup.minecraft.wooden_slab":4,"stat.useItem.sky_orchards.sapling_cottonwood":1,"stat.leaveGame":7,"stat.mineBlock.sky_orchards.leaves_gravel":113,"stat.pickup.minecraft.stone_pickaxe":1,"stat.pickup.minecraft.flint":4,"stat.pickup.sky_orchards.resin_dirt":185,"stat.pickup.pickletweaks.coal_piece":5,"stat.craftItem.sky_orchards.amber_iron":1,"stat.swimOneCm":13,"stat.pickup.rustic.crushing_tub":2,"stat.craftItem.sky_orchards.sapling_petrified":1,"stat.useItem.rustic.crushing_tub":1,"stat.drop.minecraft.cobblestone":26,"stat.mineBlock.morecauldrons.oak_cauldron":2,"stat.mineBlock.sky_orchards.log_dirt":39,"stat.useItem.sky_orchards.sapling_bone":1,"stat.useItem.minecraft.stone_slab2":17,"stat.pickup.sky_orchards.resin_cottonwood":14,"stat.drop.sky_orchards.sapling_petrified":1,"stat.craftItem.sky_orchards.sapling_gravel":1,"stat.pickup.sky_orchards.sapling_dirt":234,"stat.craftItem.minecraft.bone_block":1,"stat.pickup.tp.cobblegen_block":1,"stat.craftItem.sky_orchards.sapling_bone":1,"stat.mineBlock.sky_orchards.leaves_dirt":575,"stat.mineBlock.minecraft.wooden_slab":1,"stat.flyOneCm":64041,"stat.pickup.minecraft.glass_bottle":3,"stat.mineBlock.sky_orchards.leaves_coal":102,"stat.pickup.sky_orchards.resin_coal":16,"stat.pickup.sky_orchards.resin_petrified":171,"stat.craftItem.minecraft.wooden_slab":6,"stat.pickup.sky_orchards.sapling_petrified":182,"stat.timeSinceDeath":17644,"stat.mineBlock.sky_orchards.leaves_cottonwood":62,"stat.drop.minecraft.coal":1,"stat.pickup.minecraft.wooden_axe":1,"stat.furnaceInteraction":17,"stat.useItem.sky_orchards.sapling_clay":5,"stat.drop.sky_orchards.sapling_cottonwood":1,"stat.pickup.minecraft.string":3,"stat.pickup.sky_orchards.acorn_coal":13,"stat.mineBlock.sky_orchards.leaves_clay":257,"stat.pickup.sky_orchards.sapling_cottonwood":14,"stat.craftItem.minecraft.stone_slab2":0,"stat.useItem.sky_orchards.sapling_petrified":21,"stat.drop.sky_orchards.acorn_dirt":1,"stat.pickup.sky_orchards.acorn_dirt":96,"stat.sprintOneCm":60828,"stat.drop.tp.cobblegen_block":1,"stat.pickup.sky_orchards.sapling_coal":13,"stat.craftItem.minecraft.stick":84,"stat.craftItem.minecraft.wooden_axe":3,"stat.pickup.ceramics.unfired_clay":1,"stat.drop.sky_orchards.amber_iron":1,"stat.mineBlock.sky_orchards.leaves_petrified":1026,"stat.pickup.minecraft.potion":17,"stat.drop.sky_orchards.sapling_sand":1,"stat.pickup.inspirations.wooden_crook":1,"stat.deaths":5,"stat.drop":71,"stat.playOneMinute":95317,"stat.pickup.tconstruct.rack":1,"stat.craftItem.sky_orchards.sapling_clay":1,"stat.craftItem.minecraft.dye":9,"stat.chestOpened":65,"stat.pickup.sky_orchards.acorn_cottonwood":9,"stat.pickup.inspirations.stone_crook":2,"stat.mineBlock.sky_orchards.leaves_bone":113,"stat.pickup.minecraft.stone_axe":1,"stat.pickup.sky_orchards.acorn_petrified":113,"stat.useItem.inspirations.wooden_crook":2270,"stat.pickup.sky_orchards.resin_sand":8,"stat.craftItem.sky_orchards.sapling_coal":1,"stat.craftItem.minecraft.coal":1,"stat.pickup.sky_orchards.resin_clay":52,"stat.jump":546,"stat.useItem.sky_orchards.sapling_gravel":1,"stat.pickup.minecraft.coal":1,"stat.fallOneCm":213675,"stat.useItem.minecraft.stone_axe":5,"stat.crouchOneCm":24031,"stat.mineBlock.sky_orchards.log_sand":4,"stat.craftItem.minecraft.chest":1,"stat.pickup.bonsaitrees.bonsaipot":1,"stat.craftingTableInteraction":51,"stat.mineBlock.sky_orchards.leaves_sand":58,"stat.pickup.sky_orchards.resin_bone":24,"stat.pickup.sky_orchards.sapling_sand":10,"stat.mineBlock.tconstruct.rack":1,"stat.damageTaken":1496,"stat.pickup.minecraft.dye":4,"stat.pickup.minecraft.planks":1,"stat.drop.rustic.crushing_tub":2,"stat.pickup.sky_orchards.sapling_clay":81,"stat.pickup.statues.blockplayerstatue":2,"stat.damageDealt":33,"stat.mineBlock.sky_orchards.log_bone":11,"stat.craftItem.minecraft.gravel":3,"stat.pickup.sky_orchards.acorn_bone":14,"stat.drop.minecraft.stick":1,"stat.walkOneCm":237899,"stat.pickup.ceramics.clay_bucket":1,"stat.playerKills":1,"stat.pickup.sky_orchards.leaves_clay":2,"stat.pickup.minecraft.stick":8,"stat.pickup.advancementbook.advancement_book":1,"stat.pickup.sky_orchards.sapling_bone":26,"stat.craftItem.inspirations.wooden_crook":19,"stat.pickup.sky_orchards.acorn_clay":31,"stat.pickup.sky_orchards.leaves_sand":1,"stat.drop.bonsaitrees.bonsaipot":1,"stat.pickup.minecraft.log":249,"stat.mineBlock.sky_orchards.log_gravel":12,"stat.drop.inspirations.wooden_crook":17,"stat.pickup.sky_orchards.resin_gravel":20,"stat.craftItem.rustic.crushing_tub":2,"stat.pickup.sky_orchards.acorn_gravel":45,"stat.pickup.sky_orchards.acorn_sand":17,"stat.drop.sky_orchards.sapling_coal":1,"stat.pickup.sky_orchards.sapling_gravel":14,"stat.useItem.xlfoodmod.donut":1,"stat.drop.sky_orchards.sapling_dirt":13,"stat.craftItem.minecraft.planks":52,"stat.craftItem.minecraft.dirt":2,"stat.pickup.morecauldrons.oak_cauldron":2,"stat.pickup.minecraft.stone_sword":1,"stat.mineBlock.sky_orchards.log_clay":25,"stat.pickup.minecraft.torch":29,"stat.sneakTime":7078,"stat.mineBlock.sky_orchards.log_cottonwood":11,"stat.useItem.minecraft.wooden_axe":171,"stat.craftItem.minecraft.brick":18,"stat.craftItem.minecraft.cobblestone":23,"stat.useItem.sky_orchards.sapling_dirt":8,"stat.mineBlock.sky_orchards.log_petrified":98,"stat.drop.minecraft.wooden_axe":3}