{"stat.chestOpened":57,"stat.useItem.inspirations.stone_crook":267,"stat.pickup.sky_orchards.acorn_cottonwood":4,"stat.pickup.minecraft.wooden_slab":30,"stat.craftItem.ceramics.unfired_clay":2,"stat.craftItem.tp.cobblegen_block":1,"stat.drop.minecraft.wooden_pickaxe":1,"stat.mineBlock.sky_orchards.leaves_gravel":1,"stat.pickup.minecraft.flint":2,"stat.pickup.minecraft.stone_axe":1,"stat.pickup.sky_orchards.acorn_petrified":23,"stat.pickup.morecauldrons.cobble_cauldron":1,"stat.useItem.bonsaitrees.bonsaipot":3,"stat.pickup.sky_orchards.resin_dirt":132,"stat.useItem.inspirations.wooden_crook":629,"stat.useItem.minecraft.clay":13,"stat.pickup.sky_orchards.resin_sand":16,"stat.craftItem.minecraft.coal":49,"stat.pickup.sky_orchards.resin_clay":98,"stat.jump":361,"stat.swimOneCm":3215,"stat.craftItem.tconstruct.rack":8,"stat.pickup.rustic.crushing_tub":2,"stat.pickup.minecraft.coal":1,"stat.fallOneCm":472883,"stat.useItem.minecraft.planks":106,"stat.pickup.sky_orchards.leaves_bone":3,"stat.craftItem.bonsaitrees.bonsaipot":8,"stat.useItem.minecraft.stone_axe":24,"stat.drop.minecraft.diamond_sword":1,"stat.mineBlock.morecauldrons.oak_cauldron":1,"stat.crouchOneCm":51521,"stat.mineBlock.sky_orchards.log_dirt":33,"stat.mineBlock.minecraft.chest":1,"stat.craftItem.inspirations.stone_crook":5,"stat.pickup.chineseworkshop.upper_door_frame":3,"stat.craftItem.minecraft.chest":14,"stat.craftItem.minecraft.torch":64,"stat.pickup.minecraft.dirt":2,"stat.useItem.minecraft.stone_slab2":52,"stat.mineBlock.chineseworkshop.upper_door_frame":3,"stat.pickup.bonsaitrees.bonsaipot":1,"stat.mineBlock.sky_orchards.sapling_bone":1,"stat.pickup.sky_orchards.resin_cottonwood":2,"stat.craftingTableInteraction":61,"stat.drop.sky_orchards.sapling_petrified":21,"stat.craftItem.minecraft.furnace":1,"stat.drop.ceramics.unfired_clay":1,"stat.pickup.sky_orchards.resin_bone":15,"stat.pickup.sky_orchards.sapling_sand":1,"stat.pickup.sky_orchards.sapling_dirt":139,"stat.pickup.tp.cobblegen_block":1,"stat.craftItem.minecraft.stone_axe":2,"stat.damageTaken":1363,"stat.mineBlock.minecraft.torch":15,"stat.craftItem.minecraft.stone_pickaxe":2,"stat.useItem.minecraft.wooden_pickaxe":3,"stat.mineBlock.sky_orchards.leaves_dirt":234,"stat.pickup.minecraft.cobblestone":29,"stat.mineBlock.minecraft.wooden_slab":232,"stat.pickup.minecraft.planks":59,"stat.mineBlock.minecraft.clay":16,"stat.pickup.minecraft.diamond_leggings":1,"stat.craftItem.minecraft.stone_sword":2,"stat.flyOneCm":45535,"stat.pickup.minecraft.glass_bottle":4,"stat.pickup.minecraft.oak_stairs":4,"stat.mineBlock.sky_orchards.sapling_petrified":1,"stat.craftItem.minecraft.wooden_slab":414,"stat.drop.rustic.crushing_tub":2,"stat.pickup.sky_orchards.resin_petrified":32,"stat.pickup.sky_orchards.sapling_clay":78,"stat.pickup.statues.blockplayerstatue":3,"stat.damageDealt":189,"stat.craftItem.minecraft.glass":3,"stat.pickup.sky_orchards.sapling_petrified":38,"stat.mineBlock.morecauldrons.cobble_cauldron":1,"stat.timeSinceDeath":11259,"stat.craftItem.minecraft.oak_stairs":20,"stat.mineBlock.minecraft.dirt":1,"stat.drop.minecraft.log":4,"stat.useItem.minecraft.crafting_table":2,"stat.useItem.minecraft.wooden_slab":411,"stat.craftItem.minecraft.wooden_pickaxe":1,"stat.pickup.sky_orchards.acorn_bone":13,"stat.walkOneCm":206263,"stat.drop.minecraft.coal":1,"stat.useItem.minecraft.torch":13,"stat.playerKills":1,"stat.useItem.minecraft.chest":10,"stat.pickup.sky_orchards.leaves_clay":9,"stat.pickup.minecraft.stick":51,"stat.pickup.minecraft.wooden_axe":1,"stat.pickup.sky_orchards.sapling_bone":13,"stat.useItem.minecraft.log":24,"stat.pickup.minecraft.crafting_table":2,"stat.useItem.minecraft.oak_stairs":16,"stat.pickup.minecraft.clay_ball":64,"stat.drop.ceramics.clay_bucket":1,"stat.craftItem.minecraft.crafting_table":3,"stat.craftItem.inspirations.wooden_crook":7,"stat.furnaceInteraction":41,"stat.pickup.sky_orchards.acorn_clay":69,"stat.pickup.sky_orchards.leaves_sand":2,"stat.useItem.tconstruct.rack":7,"stat.useItem.sky_orchards.sapling_clay":8,"stat.craftItem.ceramics.clay_bucket":2,"stat.craftItem.morecauldrons.oak_cauldron":2,"stat.mineBlock.sky_orchards.sapling_clay":1,"stat.drop.bonsaitrees.bonsaipot":1,"stat.pickup.minecraft.log":308,"stat.pickup.minecraft.string":2,"stat.pickup.sky_orchards.amber_iron":2,"stat.drop.sky_orchards.acorn_gravel":12,"stat.drop.inspirations.wooden_crook":5,"stat.pickup.sky_orchards.resin_gravel":16,"stat.pickup.sky_orchards.acorn_coal":2,"stat.useItem.tconstruct.edible":1,"stat.pickup.sky_orchards.acorn_gravel":25,"stat.mineBlock.sky_orchards.leaves_clay":503,"stat.craftItem.minecraft.stone_slab2":0,"stat.pickup.sky_orchards.sapling_cottonwood":2,"stat.drop.minecraft.planks":1,"stat.pickup.sky_orchards.acorn_sand":14,"stat.craftItem.tconstruct.stone_stick":16,"stat.useItem.sky_orchards.sapling_petrified":1,"stat.pickup.sky_orchards.acorn_dirt":50,"stat.sprintOneCm":43883,"stat.pickup.sky_orchards.sapling_gravel":12,"stat.pickup.sky_orchards.sapling_coal":1,"stat.craftItem.minecraft.stick":80,"stat.craftItem.minecraft.wooden_axe":8,"stat.drop.sky_orchards.amber_iron":1,"stat.useItem.xlfoodmod.donut":1,"stat.drop.minecraft.potion":1,"stat.drop.sky_orchards.sapling_dirt":17,"stat.drop.tconstruct.rack":1,"stat.useItem.carryon.tile_item":3,"stat.mineBlock.sky_orchards.leaves_petrified":166,"stat.craftItem.minecraft.planks":604,"stat.craftItem.chineseworkshop.upper_door_frame":1,"stat.pickup.minecraft.potion":8,"stat.pickup.minecraft.diamond_helmet":1,"stat.craftItem.minecraft.sand":3,"stat.pickup.morecauldrons.oak_cauldron":1,"stat.craftItem.minecraft.dirt":9,"stat.mineBlock.minecraft.crafting_table":2,"stat.pickup.sky_orchards.leaves_gravel":5,"stat.pickup.sky_orchards.leaves_coal":1,"stat.pickup.minecraft.diamond_chestplate":1,"stat.craftItem.morecauldrons.cobble_cauldron":2,"stat.pickup.minecraft.diamond_boots":1,"stat.pickup.sky_orchards.leaves_petrified":5,"stat.mineBlock.minecraft.log":1,"stat.mineBlock.sky_orchards.log_clay":44,"stat.mineBlock.minecraft.oak_stairs":4,"stat.deaths":4,"stat.mineBlock.minecraft.planks":29,"stat.drop":31,"stat.pickup.sky_orchards.leaves_dirt":4,"stat.playOneMinute":101873,"stat.pickup.tconstruct.rack":1,"stat.pickup.minecraft.torch":14,"stat.sneakTime":13978,"stat.useItem.minecraft.wooden_axe":314,"stat.drop.minecraft.glass_bottle":8,"stat.craftItem.minecraft.brick":40,"stat.craftItem.minecraft.clay":22,"stat.craftItem.minecraft.cobblestone":2,"stat.useItem.sky_orchards.sapling_dirt":5,"stat.mineBlock.sky_orchards.log_petrified":14,"stat.drop.minecraft.wooden_axe":4,"stat.diveOneCm":3718,"stat.pickup.minecraft.chest":1}