{"stat.mineBlock.sky_orchards.log_coal":11,"stat.craftItem.sky_orchards.sapling_cottonwood":1,"stat.craftItem.sky_orchards.sapling_sand":1,"stat.pickup.minecraft.wooden_slab":4,"stat.useItem.sky_orchards.sapling_cottonwood":4,"stat.leaveGame":8,"stat.pickup.rustic.crushing_tub":2,"stat.craftItem.sky_orchards.sapling_petrified":1,"stat.mineBlock.sky_orchards.log_dirt":39,"stat.pickup.sky_orchards.resin_cottonwood":36,"stat.drop.sky_orchards.sapling_petrified":1,"stat.craftItem.sky_orchards.sapling_gravel":1,"stat.pickup.sky_orchards.sapling_dirt":234,"stat.pickup.minecraft.bucket":1,"stat.mineBlock.minecraft.wooden_slab":1,"stat.pickup.sky_orchards.resin_petrified":171,"stat.craftItem.minecraft.bed":1,"stat.drop.sky_orchards.sapling_iron":3,"stat.drop.ceramics.clay_bucket":1,"stat.furnaceInteraction":39,"stat.pickup.sky_orchards.acorn_coal":13,"stat.drop.sky_orchards.acorn_dirt":1,"stat.pickup.sky_orchards.acorn_dirt":97,"stat.drop.tp.cobblegen_block":1,"stat.pickup.sky_orchards.sapling_coal":13,"stat.pickup.ceramics.unfired_clay":1,"stat.pickup.minecraft.potion":17,"stat.craftItem.minecraft.sand":11,"stat.drop.sky_orchards.sapling_sand":1,"stat.useItem.minecraft.dye":9,"stat.deaths":11,"stat.playOneMinute":154145,"stat.pickup.tconstruct.rack":1,"stat.drop.sky_orchards.sapling_tin":1,"stat.pickup.sky_orchards.sapling_lapis":9,"stat.useItem.sky_orchards.acorn_dirt":1,"stat.useItem.sky_orchards.sapling_sand":5,"stat.chestOpened":136,"stat.pickup.inspirations.stone_crook":3,"stat.pickup.tconstruct.casting":1,"stat.drop.sky_orchards.amber_tin":1,"stat.pickup.sky_orchards.acorn_petrified":113,"stat.mineBlock.sky_orchards.leaves_iron":75,"stat.useItem.inspirations.wooden_crook":2270,"stat.pickup.sky_orchards.resin_sand":72,"stat.craftItem.minecraft.coal":1,"stat.useItem.sky_orchards.sapling_gravel":1,"stat.fallOneCm":451435,"stat.drop.sky_orchards.leaves_gravel":1,"stat.crouchOneCm":29299,"stat.drop.sky_orchards.leaves_sand":1,"stat.craftItem.minecraft.chest":1,"stat.pickup.bonsaitrees.bonsaipot":1,"stat.pickup.sky_orchards.resin_lapis":6,"stat.craftingTableInteraction":75,"stat.mineBlock.sky_orchards.leaves_sand":377,"stat.pickup.sky_orchards.sapling_sand":81,"stat.mineBlock.tconstruct.rack":1,"stat.drop.sky_orchards.resin_iron":1,"stat.pickup.minecraft.dye":4,"stat.pickup.minecraft.planks":1,"stat.pickup.sky_orchards.resin_iron":15,"stat.useItem.minecraft.stone_pickaxe":2,"stat.useItem.minecraft.stone_sword":8,"stat.mineBlock.sky_orchards.log_bone":11,"stat.pickup.sky_orchards.acorn_iron":8,"stat.craftItem.sky_orchards.amber_tin":1,"stat.drop.minecraft.stick":1,"stat.mineBlock.sky_orchards.leaves_lapis":53,"stat.pickup.sky_orchards.sapling_iron":17,"stat.pickup.sky_orchards.leaves_clay":6,"stat.pickup.advancementbook.advancement_book":1,"stat.craftItem.ceramics.clay_bucket":1,"stat.drop.bonsaitrees.bonsaipot":1,"stat.pickup.minecraft.log":361,"stat.useItem.sky_orchards.acorn_iron":1,"stat.pickup.sky_orchards.resin_gravel":47,"stat.pickup.sky_orchards.acorn_sand":74,"stat.pickup.sky_orchards.amber_tin":2,"stat.drop.sky_orchards.sapling_lapis":1,"stat.useItem.xlfoodmod.donut":1,"stat.craftItem.minecraft.planks":56,"stat.craftItem.minecraft.dirt":2,"stat.pickup.morecauldrons.oak_cauldron":2,"stat.pickup.minecraft.stone_sword":1,"stat.mineBlock.minecraft.log":5,"stat.mineBlock.sky_orchards.log_clay":25,"stat.pickup.sky_orchards.acorn_lapis":2,"stat.sneakTime":8728,"stat.mineBlock.sky_orchards.log_cottonwood":21,"stat.drop.minecraft.bucket":1,"stat.useItem.minecraft.wooden_axe":171,"stat.craftItem.minecraft.cobblestone":23,"stat.useItem.sky_orchards.sapling_dirt":8,"stat.drop.minecraft.wooden_axe":3,"stat.craftItem.ceramics.unfired_clay":1,"stat.mineBlock.sky_orchards.leaves_gravel":113,"stat.pickup.minecraft.stone_pickaxe":1,"stat.pickup.minecraft.flint":4,"stat.pickup.sky_orchards.resin_dirt":185,"stat.craftItem.minecraft.wool":3,"stat.pickup.pickletweaks.coal_piece":5,"stat.craftItem.sky_orchards.amber_iron":1,"stat.swimOneCm":364,"stat.useItem.rustic.crushing_tub":1,"stat.drop.minecraft.cobblestone":26,"stat.mineBlock.morecauldrons.oak_cauldron":2,"stat.craftItem.inspirations.stone_crook":1,"stat.useItem.sky_orchards.sapling_bone":1,"stat.useItem.minecraft.stone_slab2":28,"stat.craftItem.minecraft.bone_block":3,"stat.pickup.tp.cobblegen_block":1,"stat.craftItem.sky_orchards.sapling_bone":1,"stat.mineBlock.sky_orchards.leaves_dirt":575,"stat.pickup.minecraft.cobblestone":4,"stat.flyOneCm":186110,"stat.pickup.minecraft.clay":7,"stat.craftItem.minecraft.glass_bottle":3,"stat.pickup.minecraft.glass_bottle":3,"stat.mineBlock.sky_orchards.leaves_coal":102,"stat.pickup.sky_orchards.resin_coal":16,"stat.craftItem.minecraft.wooden_slab":6,"stat.pickup.sky_orchards.sapling_petrified":182,"stat.timeSinceDeath":336,"stat.mineBlock.sky_orchards.leaves_cottonwood":195,"stat.drop.minecraft.coal":1,"stat.pickup.minecraft.wooden_axe":1,"stat.craftItem.tconstruct.seared":18,"stat.useItem.sky_orchards.sapling_clay":5,"stat.drop.sky_orchards.sapling_cottonwood":1,"stat.craftItem.tconstruct.soil":32,"stat.pickup.minecraft.string":11,"stat.pickup.tconstruct.smeltery_controller":1,"stat.mineBlock.sky_orchards.leaves_clay":257,"stat.pickup.sky_orchards.sapling_cottonwood":29,"stat.craftItem.minecraft.stone_slab2":0,"stat.craftItem.tconstruct.stone_stick":4,"stat.useItem.sky_orchards.sapling_petrified":21,"stat.sprintOneCm":166450,"stat.craftItem.minecraft.stick":84,"stat.craftItem.minecraft.wooden_axe":3,"stat.drop.sky_orchards.amber_iron":1,"stat.mineBlock.sky_orchards.leaves_petrified":1026,"stat.pickup.sky_orchards.leaves_gravel":5,"stat.pickup.inspirations.wooden_crook":1,"stat.craftItem.minecraft.clay_ball":4,"stat.drop":86,"stat.craftItem.sky_orchards.sapling_clay":1,"stat.drop.tombstone.grave_key":1,"stat.pickup.tombstone.grave_key":1,"stat.useItem.tconstruct.seared":5,"stat.craftItem.minecraft.dye":27,"stat.useItem.inspirations.stone_crook":577,"stat.pickup.sky_orchards.acorn_cottonwood":26,"stat.mineBlock.sky_orchards.leaves_bone":113,"stat.pickup.minecraft.gravel":7,"stat.pickup.minecraft.stone_axe":1,"stat.craftItem.sky_orchards.sapling_coal":1,"stat.pickup.sky_orchards.resin_clay":75,"stat.jump":1378,"stat.pickup.minecraft.coal":1,"stat.pickup.minecraft.iron_ingot":1,"stat.pickup.tconstruct.seared_tank":1,"stat.useItem.minecraft.stone_axe":80,"stat.mineBlock.sky_orchards.log_sand":44,"stat.craftItem.sky_orchards.sapling_lapis":1,"stat.pickup.sky_orchards.resin_bone":25,"stat.drop.inspirations.stone_crook":2,"stat.mineBlock.sky_orchards.log_lapis":4,"stat.damageTaken":3455,"stat.drop.rustic.crushing_tub":2,"stat.pickup.sky_orchards.sapling_clay":121,"stat.pickup.statues.blockplayerstatue":3,"stat.damageDealt":243,"stat.craftItem.minecraft.glass":3,"stat.sleepInBed":1,"stat.craftItem.minecraft.gravel":10,"stat.pickup.sky_orchards.acorn_bone":15,"stat.walkOneCm":382953,"stat.pickup.ceramics.clay_bucket":1,"stat.playerKills":2,"stat.pickup.minecraft.stick":19,"stat.pickup.sky_orchards.sapling_bone":26,"stat.craftItem.inspirations.wooden_crook":19,"stat.pickup.sky_orchards.acorn_clay":45,"stat.pickup.sky_orchards.leaves_sand":4,"stat.mineBlock.sky_orchards.log_gravel":28,"stat.drop.inspirations.wooden_crook":18,"stat.craftItem.rustic.crushing_tub":2,"stat.pickup.sky_orchards.acorn_gravel":90,"stat.drop.sky_orchards.sapling_coal":1,"stat.pickup.sky_orchards.sapling_gravel":62,"stat.mineBlock.sky_orchards.amber_tin":1,"stat.drop.sky_orchards.sapling_dirt":13,"stat.pickup.minecraft.torch":29,"stat.mineBlock.tconstruct.casting":1,"stat.craftItem.minecraft.brick":18,"stat.mineBlock.sky_orchards.log_petrified":98}