{"stat.pickup.minecraft.wooden_slab":41,"stat.craftItem.ceramics.unfired_clay":2,"stat.mineBlock.sky_orchards.leaves_gravel":334,"stat.pickup.minecraft.stone_pickaxe":1,"stat.pickup.minecraft.flint":18,"stat.craftItem.tconstruct.faucet":2,"stat.pickup.sky_orchards.resin_dirt":132,"stat.drop.tconstruct.smeltery_controller":2,"stat.craftItem.sky_orchards.amber_iron":4,"stat.swimOneCm":3215,"stat.pickup.rustic.crushing_tub":2,"stat.pickup.tconstruct.faucet":2,"stat.useItem.minecraft.planks":106,"stat.mineBlock.morecauldrons.oak_cauldron":1,"stat.mineBlock.sky_orchards.log_dirt":33,"stat.craftItem.inspirations.stone_crook":11,"stat.pickup.chineseworkshop.upper_door_frame":3,"stat.useItem.minecraft.dirt":2,"stat.mineBlock.chineseworkshop.upper_door_frame":3,"stat.useItem.minecraft.stone_slab2":87,"stat.pickup.sky_orchards.resin_cottonwood":2,"stat.useItem.sky_orchards.sapling_iron":3,"stat.drop.sky_orchards.sapling_petrified":21,"stat.craftItem.minecraft.furnace":8,"stat.pickup.sky_orchards.sapling_dirt":139,"stat.pickup.tp.cobblegen_block":1,"stat.craftItem.minecraft.stone_axe":4,"stat.craftItem.minecraft.stone_pickaxe":2,"stat.mineBlock.sky_orchards.leaves_dirt":234,"stat.pickup.minecraft.cobblestone":33,"stat.mineBlock.minecraft.wooden_slab":246,"stat.craftItem.tconstruct.casting":2,"stat.mineBlock.minecraft.clay":16,"stat.pickup.minecraft.diamond_leggings":1,"stat.craftItem.minecraft.stone_sword":2,"stat.flyOneCm":67744,"stat.pickup.minecraft.glass_bottle":4,"stat.craftItem.minecraft.wooden_slab":540,"stat.pickup.sky_orchards.resin_petrified":32,"stat.pickup.sky_orchards.sapling_petrified":38,"stat.mineBlock.morecauldrons.cobble_cauldron":3,"stat.timeSinceDeath":4068,"stat.drop.minecraft.log":4,"stat.craftItem.minecraft.wooden_pickaxe":1,"stat.useItem.minecraft.wooden_slab":501,"stat.mineBlock.sky_orchards.sapling_sand":1,"stat.drop.minecraft.coal":1,"stat.pickup.minecraft.wooden_axe":1,"stat.craftItem.tconstruct.seared":20,"stat.useItem.minecraft.oak_stairs":16,"stat.drop.ceramics.clay_bucket":1,"stat.pickup.tconstruct.soil":24,"stat.furnaceInteraction":117,"stat.useItem.tconstruct.rack":7,"stat.useItem.sky_orchards.sapling_clay":8,"stat.craftItem.tconstruct.soil":16,"stat.pickup.minecraft.string":2,"stat.pickup.sky_orchards.amber_iron":2,"stat.pickup.tconstruct.smeltery_controller":4,"stat.pickup.sky_orchards.acorn_coal":2,"stat.useItem.tconstruct.edible":1,"stat.pickup.minecraft.furnace":1,"stat.mineBlock.sky_orchards.leaves_clay":503,"stat.craftItem.minecraft.stone_slab2":0,"stat.pickup.sky_orchards.sapling_cottonwood":2,"stat.craftItem.tconstruct.stone_stick":28,"stat.useItem.sky_orchards.sapling_petrified":1,"stat.pickup.sky_orchards.acorn_dirt":50,"stat.sprintOneCm":68773,"stat.pickup.sky_orchards.sapling_coal":1,"stat.craftItem.minecraft.stick":80,"stat.craftItem.minecraft.wooden_axe":8,"stat.drop.sky_orchards.amber_iron":1,"stat.drop.minecraft.furnace":2,"stat.drop.minecraft.potion":1,"stat.useItem.carryon.tile_item":4,"stat.mineBlock.sky_orchards.leaves_petrified":166,"stat.craftItem.chineseworkshop.upper_door_frame":1,"stat.pickup.minecraft.potion":8,"stat.pickup.tconstruct.smeltery_io":1,"stat.craftItem.minecraft.sand":7,"stat.mineBlock.minecraft.crafting_table":2,"stat.pickup.sky_orchards.leaves_gravel":5,"stat.pickup.sky_orchards.leaves_coal":1,"stat.pickup.minecraft.diamond_chestplate":1,"stat.craftItem.morecauldrons.cobble_cauldron":2,"stat.mineBlock.minecraft.oak_stairs":4,"stat.deaths":7,"stat.mineBlock.minecraft.planks":30,"stat.drop":41,"stat.pickup.sky_orchards.leaves_dirt":4,"stat.playOneMinute":137873,"stat.pickup.tconstruct.rack":1,"stat.mineBlock.rustic.leaves_apple":55,"stat.drop.tombstone.grave_key":2,"stat.useItem.tconstruct.seared":17,"stat.pickup.tombstone.grave_key":1,"stat.pickup.sky_orchards.sapling_lapis":1,"stat.drop.minecraft.glass_bottle":8,"stat.craftItem.minecraft.clay":24,"stat.diveOneCm":3718,"stat.useItem.sky_orchards.sapling_sand":6,"stat.pickup.tconstruct.seared":8,"stat.chestOpened":76,"stat.useItem.inspirations.stone_crook":1204,"stat.pickup.sky_orchards.acorn_cottonwood":4,"stat.pickup.inspirations.stone_crook":2,"stat.pickup.tconstruct.casting":1,"stat.craftItem.tp.cobblegen_block":1,"stat.drop.minecraft.wooden_pickaxe":1,"stat.mineBlock.tconstruct.smeltery_controller":2,"stat.pickup.minecraft.stone_axe":2,"stat.pickup.sky_orchards.acorn_petrified":23,"stat.pickup.morecauldrons.cobble_cauldron":3,"stat.useItem.bonsaitrees.bonsaipot":3,"stat.mineBlock.sky_orchards.leaves_iron":139,"stat.useItem.inspirations.wooden_crook":629,"stat.useItem.minecraft.clay":13,"stat.pickup.sky_orchards.resin_sand":70,"stat.craftItem.minecraft.coal":89,"stat.mineBlock.tconstruct.faucet":2,"stat.pickup.sky_orchards.resin_clay":98,"stat.drop.minecraft.apple":1,"stat.jump":550,"stat.useItem.sky_orchards.sapling_gravel":6,"stat.craftItem.tconstruct.rack":8,"stat.pickup.minecraft.coal":63,"stat.fallOneCm":608302,"stat.pickup.tconstruct.seared_tank":1,"stat.pickup.sky_orchards.leaves_bone":3,"stat.craftItem.bonsaitrees.bonsaipot":8,"stat.useItem.minecraft.stone_axe":107,"stat.drop.minecraft.diamond_sword":1,"stat.crouchOneCm":60368,"stat.mineBlock.minecraft.chest":1,"stat.craftItem.minecraft.chest":14,"stat.craftItem.minecraft.torch":64,"stat.mineBlock.sky_orchards.log_sand":11,"stat.pickup.minecraft.dirt":4,"stat.pickup.bonsaitrees.bonsaipot":1,"stat.mineBlock.sky_orchards.sapling_bone":1,"stat.craftingTableInteraction":88,"stat.drop.ceramics.unfired_clay":1,"stat.mineBlock.sky_orchards.leaves_sand":213,"stat.pickup.sky_orchards.resin_bone":15,"stat.pickup.sky_orchards.sapling_sand":28,"stat.useItem.minecraft.sapling":2,"stat.damageTaken":2345,"stat.mineBlock.minecraft.torch":15,"stat.mineBlock.minecraft.furnace":1,"stat.useItem.minecraft.wooden_pickaxe":3,"stat.useItem.minecraft.furnace":6,"stat.mineBlock.tconstruct.smeltery_io":1,"stat.craftItem.tconstruct.materials":110,"stat.pickup.minecraft.planks":60,"stat.pickup.sky_orchards.resin_iron":17,"stat.pickup.tconstruct.materials":2,"stat.pickup.minecraft.oak_stairs":12,"stat.mineBlock.sky_orchards.sapling_petrified":1,"stat.useItem.minecraft.stone_pickaxe":17,"stat.craftItem.tconstruct.seared_tank":1,"stat.drop.tconstruct.seared":1,"stat.drop.rustic.crushing_tub":2,"stat.pickup.sky_orchards.sapling_clay":78,"stat.pickup.statues.blockplayerstatue":5,"stat.useItem.minecraft.stone_sword":5,"stat.damageDealt":444,"stat.craftItem.minecraft.glass":3,"stat.mineBlock.sky_orchards.log_iron":21,"stat.craftItem.minecraft.oak_stairs":20,"stat.mineBlock.minecraft.dirt":1,"stat.useItem.minecraft.crafting_table":2,"stat.pickup.sky_orchards.acorn_iron":11,"stat.craftItem.minecraft.gravel":5,"stat.pickup.sky_orchards.acorn_bone":13,"stat.walkOneCm":272044,"stat.pickup.ceramics.clay_bucket":1,"stat.useItem.minecraft.torch":13,"stat.playerKills":2,"stat.useItem.minecraft.chest":10,"stat.craftItem.tconstruct.smeltery_io":2,"stat.pickup.sky_orchards.sapling_iron":22,"stat.pickup.sky_orchards.leaves_clay":9,"stat.pickup.minecraft.stick":55,"stat.pickup.sky_orchards.sapling_bone":13,"stat.useItem.minecraft.log":24,"stat.pickup.minecraft.crafting_table":2,"stat.pickup.minecraft.clay_ball":64,"stat.craftItem.inspirations.wooden_crook":7,"stat.craftItem.minecraft.crafting_table":3,"stat.pickup.sky_orchards.acorn_clay":69,"stat.pickup.rustic.apple_seeds":1,"stat.pickup.sky_orchards.leaves_sand":2,"stat.craftItem.ceramics.clay_bucket":2,"stat.craftItem.morecauldrons.oak_cauldron":2,"stat.mineBlock.sky_orchards.sapling_clay":1,"stat.drop.bonsaitrees.bonsaipot":1,"stat.pickup.minecraft.log":404,"stat.drop.sky_orchards.acorn_gravel":12,"stat.mineBlock.sky_orchards.log_gravel":15,"stat.drop.inspirations.wooden_crook":5,"stat.pickup.sky_orchards.resin_gravel":46,"stat.pickup.sky_orchards.acorn_gravel":77,"stat.drop.minecraft.planks":1,"stat.pickup.sky_orchards.acorn_sand":79,"stat.pickup.minecraft.sapling":19,"stat.drop.sky_orchards.sapling_lapis":1,"stat.pickup.sky_orchards.sapling_gravel":51,"stat.pickup.minecraft.apple":2,"stat.useItem.xlfoodmod.donut":1,"stat.craftItem.tconstruct.smeltery_controller":1,"stat.drop.sky_orchards.sapling_dirt":17,"stat.drop.tconstruct.rack":1,"stat.craftItem.minecraft.planks":604,"stat.pickup.minecraft.diamond_helmet":1,"stat.craftItem.minecraft.dirt":9,"stat.pickup.morecauldrons.oak_cauldron":1,"stat.pickup.minecraft.stone_sword":1,"stat.pickup.minecraft.diamond_boots":1,"stat.pickup.sky_orchards.leaves_petrified":5,"stat.mineBlock.minecraft.log":17,"stat.mineBlock.sky_orchards.log_clay":44,"stat.pickup.rustic.sapling_apple":8,"stat.mineBlock.minecraft.leaves":197,"stat.pickup.minecraft.torch":14,"stat.mineBlock.tconstruct.seared":8,"stat.sneakTime":17225,"stat.mineBlock.tconstruct.casting":1,"stat.mineBlock.sky_orchards.log_cottonwood":5,"stat.drop.tconstruct.seared_tank":1,"stat.useItem.minecraft.wooden_axe":314,"stat.craftItem.minecraft.brick":40,"stat.craftItem.minecraft.cobblestone":2,"stat.useItem.sky_orchards.sapling_dirt":5,"stat.mineBlock.sky_orchards.log_petrified":14,"stat.drop.minecraft.wooden_axe":4,"stat.pickup.minecraft.chest":1}