{"stat.leaveGame":2,"stat.mineBlock.sky_orchards.leaves_gravel":58,"stat.pickup.minecraft.flint":2,"stat.pickup.sky_orchards.acorn_petrified":27,"stat.pickup.sky_orchards.resin_dirt":84,"stat.useItem.inspirations.wooden_crook":917,"stat.jump":67,"stat.pickup.rustic.crushing_tub":2,"stat.fallOneCm":100944,"stat.craftItem.sky_orchards.sapling_petrified":1,"stat.useItem.rustic.crushing_tub":1,"stat.crouchOneCm":11506,"stat.mineBlock.sky_orchards.log_dirt":39,"stat.useItem.minecraft.stone_slab2":5,"stat.craftingTableInteraction":13,"stat.drop.sky_orchards.sapling_petrified":1,"stat.mineBlock.tconstruct.rack":1,"stat.craftItem.sky_orchards.sapling_gravel":1,"stat.pickup.sky_orchards.sapling_dirt":119,"stat.damageTaken":622,"stat.mineBlock.sky_orchards.leaves_dirt":575,"stat.pickup.minecraft.planks":1,"stat.flyOneCm":1975,"stat.pickup.sky_orchards.resin_petrified":44,"stat.craftItem.minecraft.wooden_slab":6,"stat.drop.rustic.crushing_tub":2,"stat.damageDealt":23,"stat.pickup.sky_orchards.sapling_petrified":60,"stat.timeSinceDeath":6177,"stat.drop.minecraft.stick":1,"stat.walkOneCm":56171,"stat.pickup.advancementbook.advancement_book":1,"stat.craftItem.inspirations.wooden_crook":14,"stat.pickup.minecraft.log":110,"stat.mineBlock.sky_orchards.log_gravel":6,"stat.drop.inspirations.wooden_crook":8,"stat.pickup.sky_orchards.resin_gravel":9,"stat.craftItem.rustic.crushing_tub":2,"stat.pickup.sky_orchards.acorn_gravel":25,"stat.useItem.sky_orchards.sapling_petrified":5,"stat.drop.sky_orchards.acorn_dirt":1,"stat.pickup.sky_orchards.acorn_dirt":79,"stat.sprintOneCm":8138,"stat.pickup.sky_orchards.sapling_gravel":8,"stat.craftItem.minecraft.stick":60,"stat.craftItem.minecraft.wooden_axe":1,"stat.drop.sky_orchards.sapling_dirt":13,"stat.mineBlock.sky_orchards.leaves_petrified":318,"stat.craftItem.minecraft.planks":24,"stat.craftItem.minecraft.dirt":1,"stat.deaths":2,"stat.drop":26,"stat.playOneMinute":26201,"stat.pickup.tconstruct.rack":1,"stat.sneakTime":3489,"stat.useItem.minecraft.wooden_axe":35,"stat.useItem.sky_orchards.sapling_dirt":8,"stat.mineBlock.sky_orchards.log_petrified":29}