{"stat.walkOneCm":40092,"stat.pickup.minecraft.wooden_slab":2,"stat.useItem.minecraft.log":16,"stat.craftItem.minecraft.crafting_table":1,"stat.craftItem.inspirations.wooden_crook":2,"stat.useItem.tconstruct.rack":7,"stat.pickup.sky_orchards.resin_dirt":28,"stat.useItem.inspirations.wooden_crook":118,"stat.pickup.minecraft.log":118,"stat.drop.sky_orchards.acorn_gravel":12,"stat.jump":75,"stat.drop.inspirations.wooden_crook":1,"stat.craftItem.tconstruct.rack":8,"stat.pickup.rustic.crushing_tub":2,"stat.fallOneCm":202924,"stat.useItem.minecraft.planks":24,"stat.useItem.tconstruct.edible":1,"stat.pickup.sky_orchards.acorn_gravel":12,"stat.drop.minecraft.diamond_sword":1,"stat.drop.minecraft.planks":1,"stat.crouchOneCm":20960,"stat.mineBlock.sky_orchards.log_dirt":21,"stat.pickup.chineseworkshop.upper_door_frame":3,"stat.pickup.sky_orchards.acorn_dirt":11,"stat.sprintOneCm":3048,"stat.useItem.minecraft.stone_slab2":8,"stat.mineBlock.chineseworkshop.upper_door_frame":3,"stat.pickup.sky_orchards.sapling_gravel":8,"stat.craftItem.minecraft.stick":16,"stat.craftItem.minecraft.wooden_axe":1,"stat.craftingTableInteraction":15,"stat.useItem.xlfoodmod.donut":1,"stat.drop.sky_orchards.sapling_petrified":1,"stat.drop.sky_orchards.sapling_dirt":17,"stat.drop.tconstruct.rack":1,"stat.pickup.sky_orchards.sapling_dirt":20,"stat.craftItem.minecraft.planks":196,"stat.craftItem.chineseworkshop.upper_door_frame":1,"stat.pickup.minecraft.diamond_helmet":1,"stat.damageTaken":783,"stat.mineBlock.sky_orchards.leaves_dirt":126,"stat.pickup.minecraft.diamond_chestplate":1,"stat.pickup.minecraft.diamond_boots":1,"stat.mineBlock.minecraft.wooden_slab":2,"stat.mineBlock.minecraft.log":1,"stat.pickup.minecraft.planks":5,"stat.pickup.minecraft.diamond_leggings":1,"stat.flyOneCm":1047,"stat.deaths":2,"stat.mineBlock.minecraft.planks":6,"stat.drop":9,"stat.playOneMinute":29873,"stat.pickup.tconstruct.rack":1,"stat.craftItem.minecraft.wooden_slab":228,"stat.drop.rustic.crushing_tub":2,"stat.sneakTime":5587,"stat.damageDealt":42,"stat.pickup.sky_orchards.sapling_petrified":1,"stat.timeSinceDeath":1258,"stat.useItem.minecraft.wooden_axe":4,"stat.craftItem.minecraft.oak_stairs":20,"stat.useItem.minecraft.wooden_slab":119,"stat.craftItem.minecraft.wooden_pickaxe":1,"stat.useItem.sky_orchards.sapling_dirt":3}