{"stat.mineBlock.sky_orchards.log_coal":11,"stat.craftItem.sky_orchards.sapling_cottonwood":1,"stat.craftItem.sky_orchards.sapling_sand":1,"stat.pickup.minecraft.wooden_slab":4,"stat.useItem.sky_orchards.sapling_cottonwood":4,"stat.leaveGame":8,"stat.pickup.tconstruct.edible":1,"stat.mineBlock.farmingforblockheads.market":2,"stat.pickup.rustic.crushing_tub":2,"stat.pickup.sky_orchards.resin_lead":9,"stat.mineBlock.sky_orchards.leaves_tin":52,"stat.craftItem.sky_orchards.sapling_petrified":1,"stat.pickup.minecraft.glowstone_dust":7,"stat.mineBlock.sky_orchards.log_dirt":54,"stat.drop.sky_orchards.sapling_redstone":1,"stat.pickup.sky_orchards.resin_cottonwood":36,"stat.drop.sky_orchards.sapling_petrified":1,"stat.craftItem.sky_orchards.sapling_gravel":1,"stat.pickup.sky_orchards.sapling_dirt":259,"stat.craftItem.minecraft.stone_axe":1,"stat.pickup.minecraft.bucket":4,"stat.mineBlock.minecraft.wooden_slab":1,"stat.pickup.minecraft.wooden_hoe":2,"stat.pickup.integrateddynamics.menril_sapling":4,"stat.pickup.integrateddynamics.menril_berries":11,"stat.pickup.sky_orchards.resin_petrified":171,"stat.useItem.tconstruct.slime_sapling":1,"stat.hopperInspected":1,"stat.pickup.tconstruct.slime_sapling":27,"stat.craftItem.minecraft.bed":1,"stat.drop.sky_orchards.sapling_iron":3,"stat.mineBlock.minecraft.hopper":1,"stat.drop.ceramics.clay_bucket":3,"stat.furnaceInteraction":40,"stat.pickup.minecraft.nether_brick":1,"stat.mineBlock.sky_orchards.leaves_gold":44,"stat.pickup.sky_orchards.acorn_coal":13,"stat.drop.sky_orchards.acorn_dirt":1,"stat.pickup.sky_orchards.acorn_dirt":118,"stat.drop.tp.cobblegen_block":1,"stat.pickup.sky_orchards.sapling_coal":13,"stat.pickup.ceramics.unfired_clay":1,"stat.pickup.minecraft.potion":17,"stat.drop.minecraft.wooden_hoe":1,"stat.craftItem.minecraft.sand":12,"stat.mineBlock.sky_orchards.log_tin":4,"stat.pickup.tconstruct.slime_dirt":1,"stat.drop.sky_orchards.sapling_sand":1,"stat.useItem.minecraft.hopper":1,"stat.useItem.minecraft.dye":20,"stat.deaths":14,"stat.pickup.extendedcrafting.handheld_table":1,"stat.pickup.sky_orchards.leaves_dirt":1,"stat.playOneMinute":221072,"stat.pickup.tconstruct.rack":1,"stat.drop.sky_orchards.sapling_tin":1,"stat.pickup.sky_orchards.sapling_lapis":17,"stat.useItem.sky_orchards.acorn_dirt":1,"stat.mineBlock.minecraft.tallgrass":25,"stat.drop.sky_orchards.sapling_gold":5,"stat.pickup.minecraft.netherrack":7,"stat.useItem.sky_orchards.sapling_sand":5,"stat.chestOpened":249,"stat.pickup.inspirations.stone_crook":5,"stat.pickup.tconstruct.casting":1,"stat.drop.minecraft.hopper":2,"stat.drop.sky_orchards.amber_tin":1,"stat.mineBlock.minecraft.netherrack":12,"stat.pickup.sky_orchards.resin_redstone":21,"stat.pickup.sky_orchards.acorn_petrified":113,"stat.mineBlock.sky_orchards.leaves_iron":75,"stat.useItem.inspirations.wooden_crook":2270,"stat.pickup.sky_orchards.resin_sand":79,"stat.craftItem.minecraft.coal":1,"stat.useItem.sky_orchards.sapling_gravel":1,"stat.pickup.sky_orchards.resin_gold":5,"stat.fallOneCm":567050,"stat.craftItem.sky_orchards.sapling_redstone":1,"stat.drop.minecraft.dye":1,"stat.drop.sky_orchards.leaves_gravel":1,"stat.drop.minecraft.stone_sword":1,"stat.crouchOneCm":47516,"stat.drop.sky_orchards.leaves_sand":1,"stat.craftItem.minecraft.chest":1,"stat.drop.chineseworkshop.upper_door_frame":1,"stat.pickup.bonsaitrees.bonsaipot":2,"stat.mineBlock.sky_orchards.sapling_bone":1,"stat.pickup.sky_orchards.resin_lapis":19,"stat.craftingTableInteraction":103,"stat.drop.minecraft.milk_bucket":1,"stat.mineBlock.sky_orchards.leaves_sand":433,"stat.pickup.minecraft.milk_bucket":1,"stat.pickup.sky_orchards.sapling_sand":93,"stat.mineBlock.tconstruct.rack":1,"stat.drop.sky_orchards.resin_iron":1,"stat.pickup.sky_orchards.sapling_tin":10,"stat.pickup.sky_orchards.acorn_redstone":13,"stat.pickup.sky_orchards.resin_tin":8,"stat.pickup.minecraft.dye":5,"stat.pickup.minecraft.planks":1,"stat.pickup.sky_orchards.resin_iron":32,"stat.pickup.sky_orchards.sapling_gold":11,"stat.pickup.minecraft.wheat_seeds":1,"stat.useItem.minecraft.stone_pickaxe":25,"stat.useItem.minecraft.stone_sword":8,"stat.pickup.darkutils.material":1,"stat.mineBlock.sky_orchards.log_bone":31,"stat.pickup.sky_orchards.acorn_iron":14,"stat.craftItem.sky_orchards.amber_tin":1,"stat.drop.advancementbook.advancement_book":1,"stat.drop.minecraft.stick":1,"stat.mineBlock.sky_orchards.leaves_lapis":169,"stat.pickup.sky_orchards.sapling_iron":131,"stat.pickup.sky_orchards.leaves_clay":6,"stat.pickup.inspirations.carrot_seeds":1,"stat.craftItem.minecraft.redstone_block":1,"stat.pickup.advancementbook.advancement_book":2,"stat.pickup.sky_orchards.acorn_gold":9,"stat.craftItem.ceramics.clay_bucket":1,"stat.drop.bonsaitrees.bonsaipot":2,"stat.pickup.minecraft.log":446,"stat.useItem.sky_orchards.acorn_iron":1,"stat.pickup.sky_orchards.resin_gravel":47,"stat.pickup.sky_orchards.acorn_sand":77,"stat.pickup.minecraft.hopper":3,"stat.pickup.sky_orchards.amber_tin":2,"stat.drop.sky_orchards.sapling_lapis":1,"stat.useItem.xlfoodmod.donut":1,"stat.craftItem.minecraft.planks":56,"stat.craftItem.minecraft.dirt":6,"stat.pickup.morecauldrons.oak_cauldron":2,"stat.killEntity.WitherSkeleton":1,"stat.pickup.minecraft.stone_sword":2,"stat.mineBlock.integrateddynamics.menril_log":41,"stat.mineBlock.minecraft.log":5,"stat.mineBlock.sky_orchards.log_clay":25,"stat.pickup.sky_orchards.acorn_lapis":14,"stat.useItem.integrateddynamics.menril_berries":1,"stat.pickup.minecraft.red_flower":1,"stat.sneakTime":13207,"stat.mineBlock.sky_orchards.log_cottonwood":21,"stat.drop.minecraft.bucket":3,"stat.useItem.minecraft.wooden_axe":171,"stat.pickup.minecraft.yellow_flower":4,"stat.craftItem.minecraft.cobblestone":23,"stat.drop.tconstruct.slime_dirt":1,"stat.useItem.sky_orchards.sapling_dirt":9,"stat.drop.minecraft.wooden_axe":3,"stat.drop.sky_orchards.sapling_lead":1,"stat.mineBlock.integrateddynamics.menril_log_filled":6,"stat.craftItem.ceramics.unfired_clay":1,"stat.mineBlock.sky_orchards.leaves_gravel":113,"stat.pickup.minecraft.stone_pickaxe":2,"stat.drop.tconstruct.slime_sapling":1,"stat.pickup.minecraft.flint":4,"stat.mineBlock.minecraft.yellow_flower":5,"stat.pickup.sky_orchards.resin_dirt":209,"stat.pickup.sky_orchards.amber_gold":1,"stat.craftItem.minecraft.wool":3,"stat.pickup.pickletweaks.coal_piece":5,"stat.craftItem.sky_orchards.amber_iron":1,"stat.swimOneCm":1083,"stat.useItem.sky_orchards.sapling_lapis":2,"stat.drop.sky_orchards.amber_gold":1,"stat.useItem.rustic.crushing_tub":1,"stat.drop.minecraft.cobblestone":26,"stat.mineBlock.morecauldrons.oak_cauldron":2,"stat.craftItem.inspirations.stone_crook":3,"stat.useItem.sky_orchards.sapling_bone":1,"stat.mineBlock.sky_orchards.leaves_redstone":166,"stat.useItem.minecraft.stone_slab2":42,"stat.craftItem.minecraft.lapis_block":1,"stat.craftItem.minecraft.bone_block":3,"stat.pickup.tp.cobblegen_block":1,"stat.craftItem.sky_orchards.sapling_bone":1,"stat.mineBlock.sky_orchards.leaves_dirt":738,"stat.pickup.minecraft.cobblestone":4,"stat.craftItem.sky_orchards.amber_gold":2,"stat.flyOneCm":255158,"stat.pickup.minecraft.clay":7,"stat.craftItem.minecraft.glass_bottle":3,"stat.pickup.minecraft.glass_bottle":3,"stat.mineBlock.sky_orchards.leaves_coal":102,"stat.pickup.sky_orchards.sapling_lead":12,"stat.pickup.sky_orchards.resin_coal":16,"stat.craftItem.minecraft.wooden_slab":6,"stat.pickup.sky_orchards.sapling_petrified":182,"stat.timeSinceDeath":14664,"stat.drop.integrateddynamics.menril_berries":10,"stat.mineBlock.sky_orchards.leaves_cottonwood":195,"stat.drop.minecraft.coal":1,"stat.pickup.minecraft.wooden_axe":1,"stat.craftItem.tconstruct.seared":18,"stat.useItem.sky_orchards.sapling_clay":5,"stat.pickup.sky_orchards.acorn_lead":4,"stat.mineBlock.minecraft.nether_brick":6,"stat.drop.sky_orchards.sapling_cottonwood":1,"stat.craftItem.tconstruct.soil":33,"stat.pickup.minecraft.string":11,"stat.pickup.tconstruct.smeltery_controller":1,"stat.mineBlock.sky_orchards.leaves_clay":257,"stat.pickup.sky_orchards.sapling_cottonwood":29,"stat.craftItem.minecraft.stone_slab2":0,"stat.craftItem.tconstruct.stone_stick":12,"stat.useItem.sky_orchards.sapling_petrified":21,"stat.sprintOneCm":252398,"stat.craftItem.minecraft.stick":84,"stat.craftItem.minecraft.wooden_axe":3,"stat.drop.sky_orchards.amber_iron":1,"stat.useItem.carryon.tile_item":1,"stat.mineBlock.sky_orchards.leaves_petrified":1026,"stat.pickup.integrateddynamics.menril_log":49,"stat.pickup.sky_orchards.leaves_gravel":5,"stat.drop.farmingforblockheads.market":1,"stat.pickup.inspirations.wooden_crook":1,"stat.craftItem.minecraft.clay_ball":4,"stat.mineBlock.sky_orchards.log_lead":5,"stat.mineBlock.minecraft.planks":3,"stat.drop":125,"stat.craftItem.sky_orchards.sapling_clay":1,"stat.drop.tombstone.grave_key":1,"stat.pickup.tombstone.grave_key":1,"stat.useItem.tconstruct.seared":5,"stat.pickup.minecraft.slime_ball":1,"stat.craftItem.minecraft.dye":38,"stat.pickup.integrateddynamics.crystalized_menril_chunk":15,"stat.craftItem.minecraft.slime_ball":24,"stat.useItem.inspirations.stone_crook":1469,"stat.pickup.sky_orchards.acorn_cottonwood":26,"stat.mineBlock.sky_orchards.leaves_bone":114,"stat.pickup.minecraft.gravel":7,"stat.pickup.sky_orchards.amber_lead":1,"stat.pickup.minecraft.stone_axe":3,"stat.mineBlock.tconstruct.slime_leaves":166,"stat.craftItem.sky_orchards.sapling_coal":1,"stat.pickup.sky_orchards.resin_clay":75,"stat.drop.sky_orchards.amber_lead":1,"stat.jump":1917,"stat.pickup.sky_orchards.acorn_tin":3,"stat.pickup.minecraft.coal":2,"stat.useItem.sky_orchards.sapling_redstone":2,"stat.pickup.minecraft.iron_ingot":1,"stat.pickup.tconstruct.seared_tank":1,"stat.pickup.sky_orchards.sapling_redstone":37,"stat.useItem.minecraft.stone_axe":226,"stat.mineBlock.sky_orchards.log_sand":49,"stat.useItem.sky_orchards.sapling_tin":1,"stat.pickup.farmingforblockheads.market":2,"stat.craftItem.sky_orchards.sapling_lapis":1,"stat.pickup.tconstruct.slime_congealed":9,"stat.pickup.sky_orchards.resin_bone":49,"stat.drop.inspirations.stone_crook":4,"stat.pickup.inspirations.sugar_cane_seeds":1,"stat.mineBlock.sky_orchards.log_lapis":13,"stat.damageTaken":4328,"stat.mineBlock.minecraft.red_flower":1,"stat.craftItem.sky_orchards.amber_lead":1,"stat.mineBlock.sky_orchards.sapling_tin":1,"stat.mineBlock.sky_orchards.log_redstone":13,"stat.pickup.tconstruct.materials":1,"stat.drop.rustic.crushing_tub":2,"stat.pickup.sky_orchards.sapling_clay":121,"stat.pickup.statues.blockplayerstatue":3,"stat.damageDealt":966,"stat.craftItem.minecraft.glass":3,"stat.sleepInBed":1,"stat.craftItem.minecraft.gravel":10,"stat.pickup.sky_orchards.acorn_bone":27,"stat.walkOneCm":537998,"stat.pickup.ceramics.clay_bucket":2,"stat.playerKills":2,"stat.pickup.minecraft.stick":19,"stat.pickup.sky_orchards.sapling_bone":27,"stat.craftItem.inspirations.wooden_crook":19,"stat.pickup.sky_orchards.acorn_clay":45,"stat.pickup.sky_orchards.leaves_sand":4,"stat.mineBlock.sky_orchards.log_gravel":28,"stat.drop.inspirations.wooden_crook":18,"stat.craftItem.rustic.crushing_tub":2,"stat.pickup.sky_orchards.acorn_gravel":90,"stat.mineBlock.sky_orchards.leaves_lead":49,"stat.drop.sky_orchards.sapling_coal":1,"stat.craftItem.minecraft.redstone":9,"stat.pickup.sky_orchards.sapling_gravel":62,"stat.mineBlock.integrateddynamics.menril_leaves":80,"stat.mineBlock.sky_orchards.amber_tin":1,"stat.drop.sky_orchards.sapling_dirt":13,"stat.mineBlock.minecraft.glowstone":4,"stat.mobKills":3,"stat.mineBlock.sky_orchards.log_gold":4,"stat.pickup.minecraft.torch":29,"stat.mineBlock.tconstruct.casting":1,"stat.drop.minecraft.stone_axe":2,"stat.craftItem.minecraft.brick":18,"stat.mineBlock.sky_orchards.log_petrified":98}