{"stat.pickup.minecraft.wooden_slab":41,"stat.leaveGame":1,"stat.useItem.inspirations.potato_seeds":1,"stat.drop.tconstruct.smeltery_controller":2,"stat.craftItem.sky_orchards.amber_bone":6,"stat.pickup.rustic.crushing_tub":2,"stat.pickup.tconstruct.faucet":2,"stat.drop.extendedcrafting.handheld_table":1,"stat.useItem.minecraft.planks":233,"stat.pickup.minecraft.glowstone_dust":4,"stat.mineBlock.sky_orchards.log_dirt":33,"stat.mineBlock.chineseworkshop.upper_door_frame":3,"stat.pickup.sky_orchards.resin_cottonwood":3,"stat.useItem.sky_orchards.sapling_iron":14,"stat.useItem.minecraft.water_bucket":1,"stat.drop.sky_orchards.sapling_petrified":21,"stat.craftItem.telepastries.nether_cake":1,"stat.pickup.sky_orchards.sapling_dirt":139,"stat.craftItem.minecraft.stone_axe":7,"stat.pickup.minecraft.bucket":3,"stat.mineBlock.minecraft.wooden_slab":246,"stat.craftItem.tconstruct.casting":2,"stat.craftItem.minecraft.stone_sword":2,"stat.pickup.integrateddynamics.menril_sapling":6,"stat.pickup.integrateddynamics.menril_berries":31,"stat.pickup.sky_orchards.resin_petrified":32,"stat.craftItem.minecraft.wooden_hoe":1,"stat.pickup.xlfoodmod.lettuce":2,"stat.pickup.tconstruct.slime_sapling":1,"stat.craftItem.minecraft.wooden_pickaxe":1,"stat.mineBlock.sky_orchards.amber_cottonwood":1,"stat.pickup.telepastries.overworld_cake":1,"stat.useItem.minecraft.oak_stairs":16,"stat.drop.ceramics.clay_bucket":1,"stat.furnaceInteraction":157,"stat.useItem.minecraft.pumpkin_seeds":1,"stat.craftItem.minecraft.observer":1,"stat.pickup.xlfoodmod.lettuce_seeds":7,"stat.pickup.minecraft.nether_brick":3,"stat.mineBlock.sky_orchards.leaves_gold":12,"stat.craftItem.sky_orchards.acorn_dirt":1,"stat.pickup.sky_orchards.acorn_coal":4,"stat.pickup.minecraft.furnace":1,"stat.drop.sky_orchards.acorn_dirt":1,"stat.pickup.sky_orchards.acorn_dirt":50,"stat.pickup.inspirations.potato_seeds":3,"stat.pickup.sky_orchards.sapling_coal":2,"stat.useItem.minecraft.fence":25,"stat.drop.minecraft.furnace":2,"stat.useItem.xlfoodmod.lettuce_seeds":1,"stat.drop.sky_orchards.amber_cottonwood":1,"stat.pickup.minecraft.potion":8,"stat.pickup.tconstruct.smeltery_io":1,"stat.drop.minecraft.wooden_hoe":1,"stat.mineBlock.minecraft.fence":8,"stat.craftItem.minecraft.sand":7,"stat.useItem.minecraft.wheat_seeds":1,"stat.pickup.minecraft.pumpkin_seeds":2,"stat.pickup.tconstruct.slime_dirt":1,"stat.pickup.sky_orchards.leaves_coal":1,"stat.craftItem.morecauldrons.cobble_cauldron":2,"stat.useItem.minecraft.dye":143,"stat.mineBlock.minecraft.oak_stairs":4,"stat.deaths":9,"stat.pickup.sky_orchards.leaves_dirt":4,"stat.playOneMinute":224259,"stat.pickup.tconstruct.rack":1,"stat.pickup.xlfoodmod.raw_corn":16,"stat.drop.sky_orchards.sapling_tin":1,"stat.pickup.sky_orchards.sapling_lapis":1,"stat.useItem.integrateddynamics.menril_sapling":1,"stat.drop.minecraft.glass_bottle":8,"stat.drop.minecraft.iron_ingot":1,"stat.drop.minecraft.torch":3,"stat.mineBlock.minecraft.tallgrass":67,"stat.drop.sky_orchards.sapling_gold":1,"stat.pickup.minecraft.netherrack":31,"stat.useItem.sky_orchards.sapling_sand":6,"stat.pickup.tconstruct.seared":8,"stat.chestOpened":230,"stat.pickup.inspirations.stone_crook":2,"stat.pickup.minecraft.pumpkin":2,"stat.pickup.tconstruct.casting":3,"stat.drop.sky_orchards.amber_tin":1,"stat.craftItem.tp.cobblegen_block":1,"stat.mineBlock.minecraft.netherrack":34,"stat.pickup.sky_orchards.amber_cottonwood":10,"stat.pickup.sky_orchards.acorn_petrified":23,"stat.mineBlock.sky_orchards.leaves_iron":789,"stat.useItem.inspirations.wooden_crook":629,"stat.useItem.minecraft.clay":13,"stat.pickup.sky_orchards.resin_sand":71,"stat.craftItem.minecraft.coal":89,"stat.mineBlock.tconstruct.faucet":2,"stat.useItem.sky_orchards.sapling_gravel":6,"stat.useItem.sky_orchards.amber_cottonwood":1,"stat.fallOneCm":748419,"stat.pickup.sky_orchards.leaves_bone":3,"stat.pickup.minecraft.melon_seeds":3,"stat.crouchOneCm":90755,"stat.mineBlock.minecraft.chest":1,"stat.craftItem.minecraft.chest":18,"stat.craftItem.minecraft.iron_ingot":31,"stat.pickup.bonsaitrees.bonsaipot":5,"stat.mineBlock.sky_orchards.sapling_bone":1,"stat.craftItem.minecraft.hopper":2,"stat.craftingTableInteraction":128,"stat.mineBlock.sky_orchards.leaves_sand":213,"stat.pickup.minecraft.milk_bucket":1,"stat.pickup.sky_orchards.sapling_sand":28,"stat.pickup.sky_orchards.sapling_tin":3,"stat.useItem.minecraft.furnace":6,"stat.mineBlock.tconstruct.smeltery_io":1,"stat.craftItem.tconstruct.materials":110,"stat.pickup.minecraft.dye":34,"stat.pickup.minecraft.planks":76,"stat.pickup.sky_orchards.resin_iron":102,"stat.pickup.sky_orchards.sapling_gold":5,"stat.craftItem.sky_orchards.acorn_iron":1,"stat.pickup.minecraft.wheat_seeds":24,"stat.mineBlock.sky_orchards.sapling_petrified":1,"stat.useItem.minecraft.stone_pickaxe":82,"stat.craftItem.tconstruct.seared_tank":1,"stat.drop.tconstruct.seared":1,"stat.useItem.minecraft.stone_sword":14,"stat.mineBlock.sky_orchards.log_bone":58,"stat.craftItem.minecraft.oak_stairs":20,"stat.drop.sky_orchards.acorn_iron":1,"stat.mineBlock.minecraft.dirt":9,"stat.pickup.sky_orchards.acorn_iron":82,"stat.drop.minecraft.stick":2,"stat.craftItem.integrateddynamics.squeezer":1,"stat.useItem.minecraft.torch":14,"stat.pickup.sky_orchards.sapling_iron":104,"stat.pickup.sky_orchards.leaves_clay":9,"stat.useItem.minecraft.log":24,"stat.pickup.minecraft.crafting_table":2,"stat.useItem.minecraft.cobblestone":211,"stat.craftItem.minecraft.crafting_table":6,"stat.craftItem.ceramics.clay_bucket":2,"stat.mineBlock.sky_orchards.sapling_clay":1,"stat.drop.bonsaitrees.bonsaipot":1,"stat.pickup.minecraft.log":514,"stat.drop.sky_orchards.acorn_gravel":12,"stat.pickup.sky_orchards.resin_gravel":46,"stat.drop.minecraft.planks":2,"stat.pickup.sky_orchards.acorn_sand":79,"stat.pickup.minecraft.hopper":2,"stat.pickup.sky_orchards.amber_tin":1,"stat.craftItem.cyclicmagic.auto_crafter":1,"stat.pickup.minecraft.sapling":19,"stat.drop.sky_orchards.sapling_lapis":1,"stat.pickup.minecraft.apple":2,"stat.useItem.xlfoodmod.donut":1,"stat.craftItem.tconstruct.smeltery_controller":1,"stat.pickup.minecraft.beetroot":2,"stat.craftItem.minecraft.bucket":3,"stat.craftItem.minecraft.planks":1104,"stat.pickup.minecraft.diamond_helmet":1,"stat.craftItem.minecraft.dirt":22,"stat.pickup.morecauldrons.oak_cauldron":1,"stat.killEntity.WitherSkeleton":1,"stat.pickup.minecraft.stone_sword":1,"stat.mineBlock.integrateddynamics.menril_log":10,"stat.pickup.sky_orchards.leaves_petrified":5,"stat.mineBlock.minecraft.log":17,"stat.mineBlock.sky_orchards.log_clay":44,"stat.pickup.rustic.sapling_apple":8,"stat.craftItem.minecraft.sugar":2,"stat.useItem.integrateddynamics.menril_berries":17,"stat.pickup.minecraft.red_flower":5,"stat.sneakTime":28185,"stat.mineBlock.sky_orchards.log_cottonwood":5,"stat.pickup.minecraft.wool":1,"stat.drop.minecraft.bucket":2,"stat.useItem.minecraft.baked_potato":3,"stat.useItem.minecraft.wooden_axe":314,"stat.pickup.minecraft.yellow_flower":6,"stat.craftItem.minecraft.cobblestone":2,"stat.useItem.sky_orchards.sapling_dirt":5,"stat.drop.minecraft.wooden_axe":4,"stat.pickup.minecraft.chest":1,"stat.drop.sky_orchards.sapling_lead":1,"stat.mineBlock.integrateddynamics.menril_log_filled":2,"stat.craftItem.ceramics.unfired_clay":2,"stat.mineBlock.minecraft.cobblestone":5,"stat.mineBlock.minecraft.pumpkin":2,"stat.mineBlock.sky_orchards.leaves_gravel":334,"stat.pickup.minecraft.stone_pickaxe":1,"stat.pickup.minecraft.flint":18,"stat.mineBlock.minecraft.yellow_flower":5,"stat.craftItem.tconstruct.faucet":2,"stat.craftItem.minecraft.bone":18,"stat.pickup.sky_orchards.resin_dirt":140,"stat.pickup.sky_orchards.amber_gold":1,"stat.craftItem.minecraft.wool":1,"stat.craftItem.sky_orchards.amber_iron":22,"stat.swimOneCm":14903,"stat.drop.sky_orchards.amber_gold":1,"stat.mineBlock.morecauldrons.oak_cauldron":1,"stat.craftItem.inspirations.stone_crook":22,"stat.pickup.chineseworkshop.upper_door_frame":3,"stat.useItem.sky_orchards.sapling_bone":17,"stat.useItem.minecraft.dirt":25,"stat.useItem.minecraft.stone_slab2":126,"stat.craftItem.minecraft.furnace":8,"stat.craftItem.minecraft.bone_block":9,"stat.pickup.tp.cobblegen_block":1,"stat.craftItem.extendedcrafting.handheld_table":2,"stat.craftItem.minecraft.stone_pickaxe":2,"stat.mineBlock.sky_orchards.leaves_dirt":234,"stat.pickup.minecraft.cobblestone":293,"stat.mineBlock.minecraft.clay":16,"stat.pickup.minecraft.diamond_leggings":1,"stat.flyOneCm":151476,"stat.pickup.minecraft.glass_bottle":4,"stat.drop.minecraft.wheat_seeds":1,"stat.pickup.sky_orchards.sapling_lead":1,"stat.craftItem.minecraft.wooden_slab":540,"stat.pickup.sky_orchards.sapling_petrified":38,"stat.mineBlock.morecauldrons.cobble_cauldron":3,"stat.timeSinceDeath":51956,"stat.drop.minecraft.log":5,"stat.useItem.minecraft.wooden_slab":501,"stat.craftItem.minecraft.iron_block":1,"stat.mineBlock.sky_orchards.sapling_sand":1,"stat.craftItem.minecraft.cake":1,"stat.drop.minecraft.coal":1,"stat.pickup.minecraft.wooden_axe":1,"stat.craftItem.tconstruct.seared":20,"stat.pickup.tconstruct.soil":24,"stat.useItem.tconstruct.rack":7,"stat.useItem.sky_orchards.sapling_clay":8,"stat.drop.sky_orchards.sapling_bone":1,"stat.craftItem.tconstruct.soil":16,"stat.pickup.minecraft.string":2,"stat.pickup.sky_orchards.amber_iron":2,"stat.pickup.tconstruct.smeltery_controller":4,"stat.useItem.tconstruct.edible":1,"stat.pickup.xlfoodmod.corn_seeds":10,"stat.mineBlock.sky_orchards.leaves_clay":503,"stat.craftItem.minecraft.stone_slab2":0,"stat.pickup.sky_orchards.sapling_cottonwood":3,"stat.craftItem.tconstruct.stone_stick":60,"stat.useItem.sky_orchards.sapling_petrified":1,"stat.sprintOneCm":148866,"stat.craftItem.minecraft.stick":168,"stat.craftItem.minecraft.wooden_axe":8,"stat.drop.sky_orchards.amber_iron":1,"stat.drop.minecraft.potion":1,"stat.useItem.carryon.tile_item":5,"stat.mineBlock.sky_orchards.leaves_petrified":166,"stat.craftItem.chineseworkshop.upper_door_frame":1,"stat.pickup.integrateddynamics.menril_log":10,"stat.mineBlock.minecraft.crafting_table":2,"stat.pickup.sky_orchards.leaves_gravel":5,"stat.drop.farmingforblockheads.market":1,"stat.pickup.minecraft.diamond_chestplate":1,"stat.mineBlock.minecraft.planks":136,"stat.drop":69,"stat.mineBlock.rustic.leaves_apple":55,"stat.drop.tombstone.grave_key":2,"stat.useItem.tconstruct.seared":17,"stat.pickup.tombstone.grave_key":1,"stat.mineBlock.bonsaitrees.bonsaipot":2,"stat.useItem.minecraft.melon_seeds":2,"stat.craftItem.minecraft.dye":136,"stat.craftItem.minecraft.clay":24,"stat.pickup.integrateddynamics.crystalized_menril_chunk":2,"stat.diveOneCm":13140,"stat.pickup.minecraft.wheat":27,"stat.useItem.inspirations.stone_crook":2758,"stat.pickup.sky_orchards.acorn_cottonwood":5,"stat.craftItem.minecraft.piston":1,"stat.mineBlock.sky_orchards.leaves_bone":863,"stat.drop.minecraft.wooden_pickaxe":1,"stat.pickup.sky_orchards.amber_lead":1,"stat.mineBlock.tconstruct.smeltery_controller":2,"stat.pickup.minecraft.stone_axe":3,"stat.pickup.morecauldrons.cobble_cauldron":3,"stat.useItem.bonsaitrees.bonsaipot":4,"stat.pickup.sky_orchards.resin_clay":98,"stat.drop.minecraft.apple":1,"stat.drop.sky_orchards.amber_lead":1,"stat.useItem.sky_orchards.leaves_bone":1,"stat.jump":1157,"stat.craftItem.tconstruct.rack":8,"stat.useItem.minecraft.wooden_hoe":11,"stat.pickup.minecraft.fence":8,"stat.pickup.minecraft.coal":63,"stat.craftItem.minecraft.pumpkin":2,"stat.pickup.minecraft.iron_ingot":2,"stat.pickup.tconstruct.seared_tank":1,"stat.pickup.sky_orchards.sapling_redstone":2,"stat.craftItem.bonsaitrees.bonsaipot":10,"stat.useItem.minecraft.stone_axe":352,"stat.drop.minecraft.diamond_sword":1,"stat.craftItem.minecraft.torch":68,"stat.mineBlock.sky_orchards.log_sand":11,"stat.pickup.minecraft.dirt":16,"stat.pickup.farmingforblockheads.market":2,"stat.drop.ceramics.unfired_clay":1,"stat.pickup.sky_orchards.resin_bone":111,"stat.useItem.minecraft.sapling":2,"stat.pickup.sky_orchards.leaves_cottonwood":2,"stat.drop.inspirations.stone_crook":1,"stat.pickup.inspirations.sugar_cane_seeds":2,"stat.damageTaken":3091,"stat.mineBlock.minecraft.torch":17,"stat.mineBlock.minecraft.furnace":1,"stat.mineBlock.minecraft.red_flower":4,"stat.useItem.minecraft.wooden_pickaxe":3,"stat.pickup.minecraft.reeds":3,"stat.pickup.minecraft.bed":1,"stat.pickup.tconstruct.materials":2,"stat.pickup.minecraft.potato":5,"stat.pickup.minecraft.oak_stairs":12,"stat.drop.rustic.crushing_tub":2,"stat.pickup.sky_orchards.sapling_clay":78,"stat.pickup.statues.blockplayerstatue":6,"stat.damageDealt":972,"stat.craftItem.minecraft.glass":3,"stat.sleepInBed":2,"stat.craftItem.minecraft.baked_potato":5,"stat.mineBlock.sky_orchards.log_iron":82,"stat.useItem.minecraft.crafting_table":2,"stat.craftItem.minecraft.gravel":5,"stat.pickup.sky_orchards.acorn_bone":82,"stat.walkOneCm":436930,"stat.pickup.ceramics.clay_bucket":2,"stat.playerKills":2,"stat.useItem.minecraft.chest":11,"stat.craftItem.tconstruct.smeltery_io":2,"stat.pickup.minecraft.stick":58,"stat.pickup.sky_orchards.sapling_bone":146,"stat.pickup.minecraft.clay_ball":64,"stat.craftItem.inspirations.wooden_crook":7,"stat.pickup.sky_orchards.acorn_clay":69,"stat.pickup.rustic.apple_seeds":1,"stat.pickup.sky_orchards.leaves_sand":2,"stat.craftItem.morecauldrons.oak_cauldron":2,"stat.mineBlock.sky_orchards.log_gravel":15,"stat.drop.inspirations.wooden_crook":5,"stat.pickup.sky_orchards.acorn_gravel":77,"stat.pickup.sky_orchards.sapling_gravel":51,"stat.mineBlock.integrateddynamics.menril_leaves":81,"stat.drop.sky_orchards.sapling_dirt":17,"stat.drop.tconstruct.rack":1,"stat.craftItem.sky_orchards.amber_cottonwood":4,"stat.mineBlock.minecraft.quartz_ore":19,"stat.mineBlock.minecraft.glowstone":2,"stat.mobKills":1,"stat.pickup.minecraft.diamond_boots":1,"stat.pickup.minecraft.quartz":16,"stat.craftItem.minecraft.fence":96,"stat.craftItem.farmingforblockheads.market":1,"stat.mineBlock.minecraft.leaves":197,"stat.pickup.minecraft.beetroot_seeds":6,"stat.pickup.minecraft.torch":17,"stat.mineBlock.tconstruct.seared":8,"stat.mineBlock.tconstruct.casting":3,"stat.drop.minecraft.stone_axe":3,"stat.drop.tconstruct.seared_tank":1,"stat.craftItem.minecraft.brick":40,"stat.mineBlock.sky_orchards.log_petrified":14}