{
  "sf4:age1/sapling/cottonwood": {
    "criteria": {
      "Obtain Cottonwood Sapling": "2019-10-14 21:39:55 +0100",
      "Completed Root": "2019-10-14 20:44:47 +0100"
    },
    "done": true
  },
  "tutorial:tutorial/oakplanks": {
    "criteria": {
      "Obtain Oak Wood Planks": "2019-10-14 20:46:09 +0100"
    },
    "done": false
  },
  "sf4:age1/complete": {
    "criteria": {
      "Completed Amber is the Color of my Dinosaur": "2019-10-14 22:04:45 +0100",
      "Completed Water You Waiting For?": "2019-10-14 21:50:36 +0100",
      "Completed It\u0027s Electric": "2019-10-17 01:07:07 +0100",
      "Completed Nap Time": "2019-10-14 22:31:33 +0100",
      "Completed Blue Man Group": "2019-10-14 22:22:12 +0100",
      "Completed Sticky Keys": "2019-10-14 20:56:48 +0100",
      "Completed Captain Hook": "2019-10-14 20:52:17 +0100",
      "Completed That\u0027s Dir-tree": "2019-10-14 20:50:07 +0100",
      "Completed Cobble Cobble": "2019-10-17 01:17:57 +0100",
      "Completed Dirty Dancing": "2019-10-14 21:18:24 +0100",
      "Completed Not a Helmet": "2019-10-16 21:18:10 +0100",
      "Completed Lead it Go": "2019-10-17 01:12:12 +0100",
      "Completed You Cotton Be Kidding Me": "2019-10-14 21:39:55 +0100",
      "Completed Root": "2019-10-14 20:44:47 +0100",
      "Completed Lead Zeppelin": "2019-10-17 01:14:16 +0100",
      "Completed COALateral Damage": "2019-10-14 21:59:11 +0100",
      "Completed One Shiny Boi": "2019-10-17 01:18:29 +0100",
      "Completed Slop in the Bucket": "2019-10-14 21:48:37 +0100",
      "Completed Air Fryer": "2019-10-14 20:59:08 +0100",
      "Completed Money Grows on Trees": "2019-10-17 01:20:02 +0100",
      "Completed Stone Crook": "2019-10-14 22:04:23 +0100",
      "Completed Tin Man": "2019-10-16 21:13:42 +0100",
      "Completed You Cotton Something?": "2019-10-14 21:40:53 +0100",
      "Completed Clay Aiken": "2019-10-14 21:16:15 +0100",
      "Completed SkyFactory 4": "2019-10-14 20:44:47 +0100",
      "Completed Hotbois": "2019-10-14 21:49:35 +0100",
      "Completed Sixteen Tons": "2019-10-14 21:58:16 +0100",
      "Completed Oh, the Irony": "2019-10-16 21:17:53 +0100",
      "Completed Break a Leg": "2019-10-14 21:16:30 +0100",
      "Completed Eating Dirt": "2019-10-16 21:17:56 +0100",
      "Completed Study in the Dark Arts": "2019-10-16 21:18:55 +0100",
      "Completed I Love Lucy": "2019-10-14 21:05:19 +0100",
      "Completed Hardwood": "2019-10-14 21:02:12 +0100",
      "Completed Don\u0027t Sieve on Me": "2019-10-14 21:06:36 +0100",
      "Completed On the Rocks": "2019-10-14 21:19:04 +0100",
      "Completed It\u0027s Tin This Pack": "2019-10-16 21:18:51 +0100",
      "Completed Palm Trees": "2019-10-14 21:18:07 +0100",
      "Completed Starting from the Bottom": "2019-10-14 20:45:57 +0100",
      "Completed Ironwood": "2019-10-14 22:34:32 +0100",
      "Completed Bubble, Bubble": "2019-10-14 21:09:43 +0100"
    },
    "done": false
  },
  "sf4:age1/sapling/bacon": {
    "criteria": {
      "Completed Root": "2019-10-14 20:44:47 +0100"
    },
    "done": false
  },
  "sf4:age1/nonpacifist": {
    "criteria": {
      "superflat2": "2019-10-14 20:44:48 +0100",
      "superflat32": "2019-10-14 20:44:48 +0100",
      "Completed Root": "2019-10-14 20:44:47 +0100"
    },
    "done": true
  },
  "sf4:age1/sapling/slime": {
    "criteria": {
      "Completed Root": "2019-10-14 20:44:47 +0100"
    },
    "done": false
  },
  "sf4:age1/string": {
    "criteria": {
      "Obtain Cottonwood Sapling": "2019-10-14 21:39:55 +0100",
      "Completed Root": "2019-10-14 20:44:47 +0100",
      "Obtain String": "2019-10-14 21:40:53 +0100"
    },
    "done": true
  },
  "sf4:age_storage/complete_no_prestige": {
    "criteria": {
      "Prestige Mode Disabled": "2019-10-14 20:44:47 +0100",
      "Completed Age of Storage": "2019-10-14 20:44:47 +0100"
    },
    "done": false
  },
  "sf4:age1/sapling/redstone": {
    "criteria": {
      "Completed Root": "2019-10-14 20:44:47 +0100",
      "Obtain Redstone Sapling": "2019-10-17 01:07:07 +0100"
    },
    "done": true
  },
  "sf4:age1/sapling/petrified": {
    "criteria": {
      "Completed Root": "2019-10-14 20:44:47 +0100",
      "Obtain Petrified Sapling": "2019-10-14 21:02:12 +0100"
    },
    "done": true
  },
  "compactmachines:test/3x3x3": {
    "criteria": {
      "Obtain Grass Block": "2019-10-14 22:38:22 +0100"
    },
    "done": false
  },
  "sf4:age1/sapling/tin": {
    "criteria": {
      "Completed Root": "2019-10-14 20:44:47 +0100",
      "Obtain Tin Sapling": "2019-10-16 21:18:51 +0100"
    },
    "done": true
  },
  "sf4:age1/wooden_crook": {
    "criteria": {
      "Completed Root": "2019-10-14 20:44:47 +0100",
      "Obtain Wooden Crook": "2019-10-14 20:52:17 +0100"
    },
    "done": true
  },
  "tutorial:tutorial/copied/sandsapling": {
    "criteria": {
      "Obtain Sand Sapling": "2019-10-14 21:18:07 +0100"
    },
    "done": false
  },
  "sf4:age_farming/bonsai": {
    "criteria": {
      "Obtain Bonsai Pot": "2019-10-14 21:32:46 +0100"
    },
    "done": true
  },
  "pacifist:pacifist_run/root": {
    "criteria": {
      "hasRock": "2019-10-14 20:44:47 +0100"
    },
    "done": false
  },
  "sf4:age_storage/complete": {
    "criteria": {
      "Completed Age of Storage": "2019-10-14 20:44:47 +0100"
    },
    "done": false
  },
  "sf4:age1/slabs": {
    "criteria": {
      "Completed Root": "2019-10-14 20:44:47 +0100"
    },
    "done": false
  },
  "sf4:age_farming/wheatseeds": {
    "criteria": {
      "Obtain Wheat Seeds": "2019-10-17 01:07:41 +0100"
    },
    "done": true
  },
  "sf4:age1/lavasource": {
    "criteria": {
      "Completed Root": "2019-10-14 20:44:47 +0100",
      "Completed SkyFactory 4": "2019-10-14 20:44:47 +0100"
    },
    "done": false
  },
  "tutorial:tutorial/copied/petrifiedsapling": {
    "criteria": {
      "Obtain Petrified Sapling": "2019-10-14 21:02:12 +0100"
    },
    "done": false
  },
  "hardcore:hardcore/forgivingvoid": {
    "criteria": {
      "Completed Age of Exploration": "2019-10-14 20:44:47 +0100"
    },
    "done": false
  },
  "sf4:age_enhancement/completenoprestige": {
    "criteria": {
      "Prestige Mode Disabled": "2019-10-14 20:44:47 +0100",
      "Completed Age of Enhancement": "2019-10-14 20:44:47 +0100",
      "Completed Ore\u0027nt You Glad I Didn\u0027t Say Banana": "2019-10-14 22:16:10 +0100"
    },
    "done": false
  },
  "tutorial:tutorial/copied/goldsapling": {
    "criteria": {
      "Obtain Gold Sapling": "2019-10-17 01:20:02 +0100"
    },
    "done": false
  },
  "tutorial:tutorial/copied/watercollection": {
    "criteria": {
      "Right Click Cauldron with Water Inside": "2019-10-14 21:14:35 +0100",
      "Right Click Boiling Cauldron with Water Inside": "2019-10-14 22:24:04 +0100"
    },
    "done": false
  },
  "sf4:age1/completenoprestige": {
    "criteria": {
      "Prestige Mode Disabled": "2019-10-14 20:44:47 +0100",
      "Completed Amber is the Color of my Dinosaur": "2019-10-14 22:04:45 +0100",
      "Completed Water You Waiting For?": "2019-10-14 21:50:36 +0100",
      "Completed It\u0027s Electric": "2019-10-17 01:07:07 +0100",
      "Completed Nap Time": "2019-10-14 22:31:33 +0100",
      "Completed Blue Man Group": "2019-10-14 22:22:12 +0100",
      "Completed Sticky Keys": "2019-10-14 20:56:48 +0100",
      "Completed Captain Hook": "2019-10-14 20:52:17 +0100",
      "Completed That\u0027s Dir-tree": "2019-10-14 20:50:07 +0100",
      "Completed Cobble Cobble": "2019-10-17 01:17:57 +0100",
      "Completed Dirty Dancing": "2019-10-14 21:18:24 +0100",
      "Completed Not a Helmet": "2019-10-16 21:18:10 +0100",
      "Completed Lead it Go": "2019-10-17 01:12:12 +0100",
      "Completed You Cotton Be Kidding Me": "2019-10-14 21:39:55 +0100",
      "Completed Root": "2019-10-14 20:44:47 +0100",
      "Completed Lead Zeppelin": "2019-10-17 01:14:16 +0100",
      "Completed COALateral Damage": "2019-10-14 21:59:11 +0100",
      "Completed One Shiny Boi": "2019-10-17 01:18:29 +0100",
      "Completed Slop in the Bucket": "2019-10-14 21:48:37 +0100",
      "Completed Air Fryer": "2019-10-14 20:59:08 +0100",
      "Completed Money Grows on Trees": "2019-10-17 01:20:02 +0100",
      "Completed Stone Crook": "2019-10-14 22:04:23 +0100",
      "Completed Tin Man": "2019-10-16 21:13:42 +0100",
      "Completed You Cotton Something?": "2019-10-14 21:40:53 +0100",
      "Completed Clay Aiken": "2019-10-14 21:16:15 +0100",
      "Completed SkyFactory 4": "2019-10-14 20:44:47 +0100",
      "Completed Hotbois": "2019-10-14 21:49:35 +0100",
      "Completed Sixteen Tons": "2019-10-14 21:58:16 +0100",
      "Completed Oh, the Irony": "2019-10-16 21:17:53 +0100",
      "Completed Break a Leg": "2019-10-14 21:16:30 +0100",
      "Completed Eating Dirt": "2019-10-16 21:17:56 +0100",
      "Completed Study in the Dark Arts": "2019-10-16 21:18:55 +0100",
      "Completed I Love Lucy": "2019-10-14 21:05:19 +0100",
      "Completed Hardwood": "2019-10-14 21:02:12 +0100",
      "Completed Don\u0027t Sieve on Me": "2019-10-14 21:06:36 +0100",
      "Completed On the Rocks": "2019-10-14 21:19:04 +0100",
      "Completed It\u0027s Tin This Pack": "2019-10-16 21:18:51 +0100",
      "Completed Palm Trees": "2019-10-14 21:18:07 +0100",
      "Completed Starting from the Bottom": "2019-10-14 20:45:57 +0100",
      "Completed Ironwood": "2019-10-14 22:34:32 +0100",
      "Completed Bubble, Bubble": "2019-10-14 21:09:43 +0100"
    },
    "done": false
  },
  "sf4:age_exploration/completenoprestige": {
    "criteria": {
      "Prestige Mode Disabled": "2019-10-14 20:44:47 +0100",
      "Completed Age of Exploration": "2019-10-14 20:44:47 +0100"
    },
    "done": false
  },
  "sf4:age_farming/root": {
    "criteria": {
      "inventoryChange": "2019-10-14 20:44:47 +0100"
    },
    "done": true
  },
  "sf4:age_power/root": {
    "criteria": {
      "inventoryChange": "2019-10-14 20:44:47 +0100"
    },
    "done": true
  },
  "tutorial:tutorial/copied/claysapling": {
    "criteria": {
      "Obtain a Clay Sapling": "2019-10-14 21:16:15 +0100"
    },
    "done": false
  },
  "tutorial:tutorial/copied/obsidian": {
    "criteria": {
      "Obtain Obsidian": "2019-10-16 21:18:55 +0100"
    },
    "done": false
  },
  "sf4:age1/sleep": {
    "criteria": {
      "Completed Root": "2019-10-14 20:44:47 +0100",
      "Right Click on Bed": "2019-10-14 22:31:33 +0100"
    },
    "done": true
  },
  "sf4:age1/sapling/lead": {
    "criteria": {
      "Completed Root": "2019-10-14 20:44:47 +0100",
      "Obtain Lead Sapling": "2019-10-17 01:14:16 +0100"
    },
    "done": true
  },
  "sf4:age1/sapling/diamond": {
    "criteria": {
      "Completed Root": "2019-10-14 20:44:47 +0100"
    },
    "done": false
  },
  "sf4:age1/watersource": {
    "criteria": {
      "Completed Root": "2019-10-14 20:44:47 +0100",
      "Completed SkyFactory 4": "2019-10-14 20:44:47 +0100"
    },
    "done": false
  },
  "sf4:age_farming/animalseeds": {
    "criteria": {
      "Cow Seed": "2019-10-17 01:19:34 +0100"
    },
    "done": false
  },
  "sf4:age1/cauldron": {
    "criteria": {
      "Completed Root": "2019-10-14 20:44:47 +0100",
      "Obtain a Cauldron": "2019-10-14 21:09:43 +0100"
    },
    "done": true
  },
  "sf4:age1/cobblestone_generator": {
    "criteria": {
      "Completed Root": "2019-10-14 20:44:47 +0100",
      "Open Chest Filled with Cobblestone": "2019-10-17 01:17:57 +0100"
    },
    "done": true
  },
  "tutorial:tutorial/copied/cobblestone": {
    "criteria": {
      "Obtain Cobblestone Block": "2019-10-14 21:19:04 +0100"
    },
    "done": false
  },
  "sf4:age1/sapling/gravel": {
    "criteria": {
      "Completed Root": "2019-10-14 20:44:47 +0100",
      "Obtain Gravel Sapling": "2019-10-14 21:06:36 +0100"
    },
    "done": true
  },
  "sf4:age1/crushing_tub": {
    "criteria": {
      "Obtain Crushing Tub": "2019-10-14 21:05:19 +0100",
      "Completed Root": "2019-10-14 20:44:47 +0100"
    },
    "done": true
  },
  "sf4:age1/prestige_notify": {
    "criteria": {
      "Completed Root": "2019-10-14 20:44:47 +0100"
    },
    "done": false
  },
  "tutorial:tutorial/petrifiedacorn": {
    "criteria": {
      "Obtain Oak Wood Planks": "2019-10-14 21:39:42 +0100"
    },
    "done": false
  },
  "sf4:age1/lava": {
    "criteria": {
      "Completed Root": "2019-10-14 20:44:47 +0100",
      "Obtain Lava Clay Bucket": "2019-10-14 21:49:35 +0100"
    },
    "done": true
  },
  "pacifist:pacifist_run/lose": {
    "criteria": {
      "killed poor innocent creature": "2019-10-14 21:30:16 +0100"
    },
    "done": false
  },
  "sf4:age1/root": {
    "criteria": {
      "non_tutorial_start": "2019-10-14 20:44:47 +0100"
    },
    "done": true
  },
  "tutorial:tutorial/woodencrook": {
    "criteria": {
      "Obtain a Wooden Crook": "2019-10-14 20:52:17 +0100"
    },
    "done": false
  },
  "sf4:age1/sapling/donut": {
    "criteria": {
      "Completed Root": "2019-10-14 20:44:47 +0100"
    },
    "done": false
  },
  "tutorial:tutorial/copied/ironsapling": {
    "criteria": {
      "Obtain Iron Sapling": "2019-10-14 22:34:32 +0100"
    },
    "done": false
  },
  "sf4:age1/sapling/silver": {
    "criteria": {
      "Completed Root": "2019-10-14 20:44:47 +0100"
    },
    "done": false
  },
  "sf4:age_power/completenoprestige": {
    "criteria": {
      "Prestige Mode Disabled": "2019-10-14 20:44:47 +0100",
      "Completed Age of Power": "2019-10-14 20:44:47 +0100"
    },
    "done": false
  },
  "sf4:age1/sapling/clay": {
    "criteria": {
      "Completed Root": "2019-10-14 20:44:47 +0100",
      "Obtain a Clay Sapling": "2019-10-14 21:16:15 +0100"
    },
    "done": true
  },
  "sf4:age1/cobblestone": {
    "criteria": {
      "Completed Root": "2019-10-14 20:44:47 +0100",
      "Obtain Cobblestone Block": "2019-10-14 21:19:04 +0100"
    },
    "done": true
  },
  "sf4:age1/sapling/gold": {
    "criteria": {
      "Completed Root": "2019-10-14 20:44:47 +0100",
      "Obtain Gold Sapling": "2019-10-17 01:20:02 +0100"
    },
    "done": true
  },
  "sf4:age_farming/sugarcaneseed": {
    "criteria": {
      "Obtain Sugar Cane Seeds": "2019-10-17 01:10:54 +0100"
    },
    "done": true
  },
  "tutorial:tutorial/dryingrack": {
    "criteria": {
      "Obtain Oak Wood Planks": "2019-10-14 20:59:08 +0100"
    },
    "done": false
  },
  "sf4:age1/amber/tin": {
    "criteria": {
      "Completed Root": "2019-10-14 20:44:47 +0100",
      "Obtain Tin Amber": "2019-10-16 21:13:42 +0100"
    },
    "done": true
  },
  "sf4:age1/acorn/dirt": {
    "criteria": {
      "Obtain Dirt Acorn": "2019-10-14 20:45:57 +0100",
      "Completed Root": "2019-10-14 20:44:47 +0100"
    },
    "done": true
  },
  "sf4:age_allthethingsomglol/complete": {
    "criteria": {
      "Completed Age of ALLTHETHINGSOMGLOL": "2019-10-14 20:44:47 +0100"
    },
    "done": false
  },
  "tutorial:tutorial/oakwood": {
    "criteria": {
      "Obtain Oak Wood": "2019-10-14 20:45:59 +0100"
    },
    "done": false
  },
  "sf4:age_enhancement/root": {
    "criteria": {
      "inventoryChange": "2019-10-14 20:44:47 +0100"
    },
    "done": true
  },
  "sf4:age1/sapling/dirt": {
    "criteria": {
      "Obtain Dirt Sapling": "2019-10-14 20:50:07 +0100",
      "Completed Root": "2019-10-14 20:44:47 +0100"
    },
    "done": true
  },
  "sf4:age_exploration/complete": {
    "criteria": {
      "Completed Age of Exploration": "2019-10-14 20:44:47 +0100"
    },
    "done": false
  },
  "sf4:age1/resourcehogs": {
    "criteria": {
      "Completed Root": "2019-10-14 20:44:47 +0100"
    },
    "done": false
  },
  "sf4:age1/iron_ingot": {
    "criteria": {
      "Completed Root": "2019-10-14 20:44:47 +0100",
      "Obtain Iron Ingot": "2019-10-16 21:17:53 +0100"
    },
    "done": true
  },
  "sf4:age1/green_slimy_dirt": {
    "criteria": {
      "Completed Root": "2019-10-14 20:44:47 +0100"
    },
    "done": false
  },
  "sf4:age_enhancement/tank": {
    "criteria": {
      "Obtain Tank": "2019-10-14 22:16:10 +0100"
    },
    "done": true
  },
  "sf4:age1/iron_bucket": {
    "criteria": {
      "Completed Root": "2019-10-14 20:44:47 +0100",
      "Obtain Iron Bucket": "2019-10-16 21:18:10 +0100"
    },
    "done": true
  },
  "tutorial:tutorial/copied/gravelsapling": {
    "criteria": {
      "Obtain Gravel Sapling": "2019-10-14 21:06:36 +0100"
    },
    "done": false
  },
  "sf4:age1/amber/silver": {
    "criteria": {
      "Completed Root": "2019-10-14 20:44:47 +0100"
    },
    "done": false
  },
  "sf4:age1/amber/lead": {
    "criteria": {
      "Completed Root": "2019-10-14 20:44:47 +0100",
      "Obtain Lead Amber": "2019-10-17 01:12:12 +0100"
    },
    "done": true
  },
  "tutorial:tutorial/placedirtsapling": {
    "criteria": {
      "Placed Dirt Sapling": "2019-10-14 20:50:56 +0100"
    },
    "done": false
  },
  "tutorial:tutorial/copied/sleep": {
    "criteria": {
      "Slept in a bed": "2019-10-17 00:59:33 +0100"
    },
    "done": false
  },
  "sf4:age1/amber/gold": {
    "criteria": {
      "Completed Root": "2019-10-14 20:44:47 +0100",
      "Obtain Gold Amber": "2019-10-17 01:18:29 +0100"
    },
    "done": true
  },
  "tutorial:tutorial/dirtsapling": {
    "criteria": {
      "Obtain a Dirt Sapling": "2019-10-14 20:50:07 +0100"
    },
    "done": false
  },
  "tutorial:tutorial/copied/cauldron": {
    "criteria": {
      "Obtain a Cauldron": "2019-10-14 21:09:43 +0100"
    },
    "done": false
  },
  "sf4:age_farming/skyorchards": {
    "criteria": {
      "Obtain Dirt Sapling": "2019-10-14 20:50:07 +0100",
      "Obtain Lead Sapling": "2019-10-17 01:14:16 +0100",
      "Obtain Coal Sapling": "2019-10-14 21:58:16 +0100",
      "Obtain Cottonwood Sapling": "2019-10-14 21:39:55 +0100",
      "Obtain Lapis Sapling": "2019-10-14 22:22:12 +0100",
      "Obtain Petrified Sapling": "2019-10-14 21:02:12 +0100",
      "Obtain Tin Sapling": "2019-10-16 21:18:51 +0100",
      "Obtain Iron Sapling": "2019-10-14 22:34:32 +0100",
      "Obtain Sand Sapling": "2019-10-14 21:18:07 +0100",
      "Obtain Gold Sapling": "2019-10-17 01:20:02 +0100",
      "Obtain Redstone Sapling": "2019-10-17 01:07:07 +0100",
      "Obtain Clay Sapling": "2019-10-14 21:16:15 +0100",
      "Obtain Gravel Sapling": "2019-10-14 21:06:36 +0100",
      "Obtain Bone Sapling": "2019-10-14 21:16:30 +0100"
    },
    "done": false
  },
  "sf4:age_exploration/skygriddragonkill": {
    "criteria": {
      "Completed Age of Exploration": "2019-10-14 20:44:47 +0100"
    },
    "done": false
  },
  "tutorial:tutorial/copied/crushingtub": {
    "criteria": {
      "Obtain Crushing Tub": "2019-10-14 21:05:19 +0100"
    },
    "done": false
  },
  "tutorial:tutorial/copied/water": {
    "criteria": {
      "Obtain Water in an Iron Bucket": "2019-10-16 21:18:53 +0100",
      "Obtain Water in a Clay Bucket": "2019-10-14 21:50:36 +0100"
    },
    "done": false
  },
  "sf4:age1/sapling/lapis": {
    "criteria": {
      "Completed Root": "2019-10-14 20:44:47 +0100",
      "Obtain Lapis Sapling": "2019-10-14 22:22:12 +0100"
    },
    "done": true
  },
  "sf4:age1/coal": {
    "criteria": {
      "Completed Root": "2019-10-14 20:44:47 +0100",
      "Obtain Coal Sapling": "2019-10-14 21:59:11 +0100"
    },
    "done": true
  },
  "sf4:age_exploration/root": {
    "criteria": {
      "inventoryChange": "2019-10-14 20:44:47 +0100"
    },
    "done": true
  },
  "tutorial:tutorial/copied/coalsapling": {
    "criteria": {
      "Obtain Coal Sapling": "2019-10-14 21:58:16 +0100"
    },
    "done": false
  },
  "sf4:age_storage/root": {
    "criteria": {
      "inventoryChange": "2019-10-14 20:44:47 +0100"
    },
    "done": true
  },
  "sf4:age1/diamond": {
    "criteria": {
      "Completed Root": "2019-10-14 20:44:47 +0100"
    },
    "done": false
  },
  "sf4:age1/obsidian": {
    "criteria": {
      "Completed Root": "2019-10-14 20:44:47 +0100",
      "Obtain Obsidian": "2019-10-16 21:18:55 +0100"
    },
    "done": true
  },
  "tutorial:tutorial/copied/lava": {
    "criteria": {
      "Obtain Lava Clay Bucket": "2019-10-14 21:49:35 +0100",
      "Obtain Lava Iron Bucket": "2019-10-16 21:18:19 +0100"
    },
    "done": false
  },
  "sf4:age1/sapling/sand": {
    "criteria": {
      "Completed Root": "2019-10-14 20:44:47 +0100",
      "Obtain Sand Sapling": "2019-10-14 21:18:07 +0100"
    },
    "done": true
  },
  "sf4:age1/dirt": {
    "criteria": {
      "Completed Root": "2019-10-14 20:44:47 +0100",
      "Craft Dirt Block": "2019-10-14 21:18:24 +0100"
    },
    "done": true
  },
  "sf4:age1/sapling/coal": {
    "criteria": {
      "Completed Root": "2019-10-14 20:44:47 +0100",
      "Obtain Coal Sapling": "2019-10-14 21:58:16 +0100"
    },
    "done": true
  },
  "sf4:age_enhancement/complete": {
    "criteria": {
      "Completed Age of Enhancement": "2019-10-14 20:44:47 +0100",
      "Completed Ore\u0027nt You Glad I Didn\u0027t Say Banana": "2019-10-14 22:16:10 +0100"
    },
    "done": false
  },
  "tutorial:tutorial/copied/claybucket": {
    "criteria": {
      "Obtain Unfired Clay Bucket": "2019-10-14 21:48:37 +0100",
      "Obtain Clay Bucket": "2019-10-14 21:48:51 +0100"
    },
    "done": false
  },
  "sf4:age1/stone_crook": {
    "criteria": {
      "Completed Root": "2019-10-14 20:44:47 +0100",
      "Obtain Stone Crook": "2019-10-14 22:04:23 +0100"
    },
    "done": true
  },
  "sf4:age1/sapling/iron": {
    "criteria": {
      "Completed Root": "2019-10-14 20:44:47 +0100",
      "Obtain Iron Sapling": "2019-10-14 22:34:32 +0100"
    },
    "done": true
  },
  "sf4:age1/sapling/bone": {
    "criteria": {
      "Completed Root": "2019-10-14 20:44:47 +0100",
      "Obtain Bone Sapling": "2019-10-14 21:16:30 +0100"
    },
    "done": true
  },
  "pacifist:pacifist_run/peaceful": {
    "criteria": {
      "brokeLeaves": "2019-10-14 20:47:17 +0100",
      "brokeLog": "2019-10-14 20:45:55 +0100"
    },
    "done": false
  },
  "sf4:age1/water": {
    "criteria": {
      "Completed Root": "2019-10-14 20:44:47 +0100",
      "Obtain Water in a Clay Bucket": "2019-10-14 21:50:36 +0100"
    },
    "done": true
  },
  "sf4:age1/acorn/dirt_cooked": {
    "criteria": {
      "Completed Root": "2019-10-14 20:44:47 +0100",
      "Obtain Cooked Dirt Acorn": "2019-10-16 21:17:56 +0100"
    },
    "done": true
  },
  "sf4:age1/twerk": {
    "criteria": {
      "Completed Root": "2019-10-14 20:44:47 +0100",
      "Obtain 8 Dirt Saplings": "2019-10-14 20:53:29 +0100",
      "Obtain 8 Oak Logs": "2019-10-14 20:56:48 +0100"
    },
    "done": true
  },
  "tutorial:tutorial/copied/string": {
    "criteria": {
      "Obtain Cottonwood Sapling": "2019-10-14 21:39:55 +0100",
      "Obtain String": "2019-10-14 21:40:53 +0100"
    },
    "done": false
  },
  "sf4:age_power/complete": {
    "criteria": {
      "Completed Age of Power": "2019-10-14 20:44:47 +0100"
    },
    "done": false
  },
  "sf4:age_farming/market": {
    "criteria": {
      "Obtain Market": "2019-10-17 01:05:33 +0100"
    },
    "done": true
  },
  "hardcore:hardcore/survive": {
    "criteria": {
      "Get killed": "2019-10-14 21:27:48 +0100"
    },
    "done": false
  },
  "sf4:age1/clay_bucket": {
    "criteria": {
      "Obtain Unfired Clay Bucket": "2019-10-14 21:48:37 +0100",
      "Completed Root": "2019-10-14 20:44:47 +0100"
    },
    "done": true
  },
  "sf4:age_farming/complete": {
    "criteria": {
      "Completed Citizen Cane": "2019-10-17 01:10:54 +0100",
      "Completed Age of Farming": "2019-10-14 20:44:47 +0100",
      "Completed Shredded Wheat": "2019-10-17 01:07:41 +0100",
      "Completed Bonsai!!!": "2019-10-14 21:32:46 +0100",
      "Completed This Little Piggy": "2019-10-17 01:05:33 +0100"
    },
    "done": false
  },
  "sf4:age1/amber/iron": {
    "criteria": {
      "Completed Root": "2019-10-14 20:44:47 +0100",
      "Obtain Iron Amber": "2019-10-14 22:04:45 +0100"
    },
    "done": true
  },
  "tutorial:tutorial/copied/ironingot": {
    "criteria": {
      "Obtain Iron Ingot": "2019-10-16 21:17:53 +0100"
    },
    "done": false
  },
  "tutorial:tutorial/copied/ironbucket": {
    "criteria": {
      "Obtain Iron Bucket": "2019-10-16 21:18:10 +0100"
    },
    "done": false
  },
  "sf4:age1/drying_rack": {
    "criteria": {
      "Completed Root": "2019-10-14 20:44:47 +0100",
      "Obtain Drying Rack": "2019-10-14 20:59:08 +0100"
    },
    "done": true
  },
  "tutorial:tutorial/placeoak": {
    "criteria": {
      "Placed Oak Wood Slab": "2019-10-14 20:46:34 +0100",
      "Placed Oak Planks": "2019-10-14 20:57:38 +0100"
    },
    "done": false
  },
  "sf4:age1/sapling": {
    "criteria": {
      "Has Sapling": "2019-10-14 20:50:07 +0100",
      "Completed Root": "2019-10-14 20:44:47 +0100",
      "Completed SkyFactory 4": "2019-10-14 20:44:47 +0100"
    },
    "done": false
  },
  "sf4:age_allthethingsomglol/complete_no_prestige": {
    "criteria": {
      "Prestige Mode Disabled": "2019-10-14 20:44:47 +0100",
      "Completed Age of ALLTHETHINGSOMGLOL": "2019-10-14 20:44:47 +0100"
    },
    "done": false
  },
  "sf4:age_farming/complete_no_prestige": {
    "criteria": {
      "Completed Citizen Cane": "2019-10-17 01:10:54 +0100",
      "Prestige Mode Disabled": "2019-10-14 20:44:47 +0100",
      "Completed Age of Farming": "2019-10-14 20:44:47 +0100",
      "Completed Shredded Wheat": "2019-10-17 01:07:41 +0100",
      "Completed Bonsai!!!": "2019-10-14 21:32:46 +0100",
      "Completed This Little Piggy": "2019-10-17 01:05:33 +0100"
    },
    "done": false
  },
  "sf4:age_allthethingsomglol/root": {
    "criteria": {
      "inventoryChange": "2019-10-14 20:44:47 +0100"
    },
    "done": true
  }
}